order_id,date,region,product,revenue,units,discount_rate
1,2025-11-24,NA,Orbit Plan,211.43,11,0.74
2,2025-10-07,NA,Nova Add-on,274.05,2,0.22
3,2025-09-16,MEA,Orbit Plan,81.21,4,0.45
4,2025-05-23,NA,Pulse API,325.84,7,0.34
5,2025-03-21,EU,Legacy,165.61,6,0.6
6,2025-01-23,LATAM,Nova Add-on,124.53,7,0.08
7,2025-05-31,MEA,Legacy,59.67,11,0.23
8,2025-05-29,NA,Legacy,258.44,7,0.28
9,2025-11-22,APAC,Orbit Plan,176.75,11,0.65
10,2025-11-08,EU,Nova Add-on,254.05,8,0.38
11,2025-11-24,MEA,Orbit Plan,51.15,1,0.81
12,2025-07-25,APAC,Orbit Plan,398.98,10,0.88
13,2025-06-11,EU,Pulse API,69.25,5,0.14
14,2026-01-17,MEA,Nova Add-on,103.14,7,0.9
15,2025-07-24,APAC,Orbit Plan,368.61,1,0.86
16,2025-03-20,EU,Pulse API,178.84,2,0.38
17,2025-11-02,LATAM,Nova Add-on,185.19,12,0.11
18,2025-10-02,APAC,Pulse API,227.34,5,0.43
19,2025-08-21,NA,Legacy,262.8,3,0.51
20,2025-02-24,APAC,Legacy,209.96,4,0.15
21,2026-01-26,EU,Nova Add-on,9.693000000000001,8,0.02
22,2025-07-05,APAC,Orbit Plan,149.92,10,0.95
23,2025-02-13,LATAM,Pulse API,157.04,11,0.48
24,2025-10-09,EU,Orbit Plan,169.28,7,0.96
25,2025-10-04,EU,Pulse API,104.28,9,0.45
26,2025-05-07,EU,Orbit Plan,235.75,9,0.23
27,2025-04-23,NA,Orbit Plan,182.27,6,0.07
28,2025-05-02,APAC,Pulse API,211.85,3,0.72
29,2025-10-20,MEA,Nova Add-on,79.6,2,0.66
30,2025-07-01,LATAM,Nova Add-on,41.76,1,0.67
31,2025-11-27,NA,Orbit Plan,201.13,4,0.19
32,2025-08-18,EU,Nova Add-on,67.92,4,0.87
33,2025-02-08,LATAM,Pulse API,120.8,9,0.84
34,2025-02-17,EU,Orbit Plan,157.51,4,0.86
35,2025-01-31,EU,Orbit Plan,229.25,8,0.29
36,2025-12-23,MEA,Pulse API,68.23,4,0.3
37,2025-01-30,MEA,Pulse API,89.71,8,0.5
38,2025-09-29,EU,Orbit Plan,200.42,3,0.07
39,2025-02-04,EU,Nova Add-on,256.37,1,0.62
40,2025-08-03,MEA,Nova Add-on,58.58,5,0.2
41,2026-01-02,APAC,Orbit Plan,152.27,6,0.93
42,2025-02-07,NA,Nova Add-on,289.99,2,0.07
43,2025-04-20,MEA,Orbit Plan,116.16,6,0.28
44,2025-08-13,MEA,Pulse API,49.42,11,0.53
45,2025-12-08,MEA,Orbit Plan,40.01,2,0.89
46,2026-01-16,MEA,Orbit Plan,20.44,4,0.72
47,2025-04-15,APAC,Nova Add-on,258.6,11,0.42
48,2025-05-22,NA,Orbit Plan,388.26,11,0.98
49,2025-03-24,LATAM,Nova Add-on,105.18,12,0.9
50,2025-10-07,NA,Legacy,224.71,3,0.43
51,2025-01-22,APAC,Orbit Plan,482.38,6,0.21
52,2025-05-08,NA,Orbit Plan,135.88,7,0.97
53,2026-01-19,EU,Legacy,183.12,3,0.88
54,2025-01-13,EU,Pulse API,217.39,7,0.8
55,2026-01-12,EU,Orbit Plan,187.01,8,0.22
56,2025-08-24,APAC,Orbit Plan,217.67,4,0.22
57,2025-12-04,EU,Nova Add-on,175.73,6,0.64
58,2025-07-24,MEA,Orbit Plan,79.14,5,0.18
59,2025-05-16,NA,Orbit Plan,106.02,10,0.98
60,2025-03-01,LATAM,Legacy,134.85,1,0.71
61,2025-01-01,MEA,Legacy,32.07,11,0.2
62,2025-08-09,NA,Legacy,190.63,10,0.31
63,2025-03-05,APAC,Nova Add-on,219.67,9,0.13
64,2025-08-04,LATAM,Pulse API,80.35,10,0.57
65,2025-07-27,MEA,Legacy,64.41,10,0.65
66,2025-08-27,LATAM,Nova Add-on,134.95,8,0.79
67,2026-01-12,EU,Pulse API,160.4,2,0.82
68,2026-01-20,EU,Pulse API,270.94,4,0.15
69,2025-01-24,EU,Legacy,97.51,11,0.58
70,2026-01-03,LATAM,Nova Add-on,67.61,11,0.69
71,2026-01-20,NA,Pulse API,247.05,8,0.05
72,2025-05-08,NA,Nova Add-on,356.38,11,0.53
73,2025-10-14,MEA,Orbit Plan,70.87,9,0.43
74,2025-10-08,LATAM,Legacy,68.4,8,0.45
75,2026-01-20,EU,Legacy,161.34,4,0.27
76,2025-02-09,APAC,Orbit Plan,415.49,9,0.08
77,2025-03-19,EU,Nova Add-on,205.07,6,0.54
78,2025-08-01,NA,Orbit Plan,263.77,10,0.95
79,2025-01-11,MEA,Nova Add-on,92.8,7,0.54
80,2026-01-12,MEA,Pulse API,70.84,8,0.22
81,2025-08-12,LATAM,Orbit Plan,80.1,3,0.84
82,2025-03-07,MEA,Nova Add-on,101.66,10,0.56
83,2025-01-14,NA,Pulse API,276.39,7,0.33
84,2025-08-21,APAC,Orbit Plan,336.26,5,0.75
85,2025-08-04,APAC,Legacy,111.31,6,0.22
86,2025-02-05,NA,Pulse API,243.75,4,0.84
87,2025-11-15,EU,Orbit Plan,149.37,8,0.7
88,2026-01-28,APAC,Orbit Plan,267.42,12,0.72
89,2026-02-03,EU,Legacy,191.18,11,0.91
90,2025-07-12,LATAM,Legacy,115.52,10,0.69
91,2025-11-18,EU,Orbit Plan,197.29,2,0.8
92,2025-10-17,NA,Orbit Plan,71.43,6,0.07
93,2025-11-28,APAC,Orbit Plan,167.41,6,0.64
94,2025-08-24,EU,Nova Add-on,215.21,11,0.27
95,2025-10-03,LATAM,Nova Add-on,133.63,4,0.83
96,2025-02-14,APAC,Legacy,151.62,8,0.57
97,2025-12-09,LATAM,Orbit Plan,75.89,6,0.8
98,2025-06-24,APAC,Legacy,262.89,5,0.56
99,2025-09-22,EU,Orbit Plan,166.36,12,0.48
100,2025-12-31,LATAM,Nova Add-on,66.2,5,0.22
101,2025-12-21,EU,Orbit Plan,117.83,7,1.0
102,2025-10-09,APAC,Orbit Plan,209.48,5,0.25
103,2025-03-03,EU,Orbit Plan,173.08,4,0.22
104,2025-09-05,APAC,Pulse API,36.82,9,0.6
105,2025-02-21,EU,Orbit Plan,145.7,3,0.27
106,2025-01-28,MEA,Orbit Plan,85.94,11,0.87
107,2025-09-09,NA,Legacy,142.53,3,0.97
108,2025-05-10,LATAM,Orbit Plan,90.55,8,0.07
109,2025-11-19,NA,Orbit Plan,290.43,4,0.12
110,2026-01-27,LATAM,Nova Add-on,22.88,4,0.78
111,2025-07-14,LATAM,Legacy,94.96,10,0.62
112,2025-11-09,NA,Legacy,318.11,4,0.26
113,2025-02-11,EU,Orbit Plan,145.18,12,0.59
114,2025-05-30,NA,Orbit Plan,205.58,12,0.86
115,2025-02-06,EU,Legacy,200.78,4,0.43
116,2025-10-06,EU,Pulse API,94.24,3,0.07
117,2025-03-26,APAC,Nova Add-on,352.26,8,0.69
118,2025-12-25,LATAM,Legacy,32.48,8,0.44
119,2025-11-03,NA,Legacy,209.84,4,0.96
120,2025-10-22,MEA,Legacy,36.82,11,0.82
121,2025-10-23,NA,Pulse API,262.19,5,0.18
122,2025-10-27,LATAM,Pulse API,151.53,2,0.47
123,2025-07-29,APAC,Orbit Plan,302.66,8,0.29
124,2025-07-25,MEA,Orbit Plan,78.86,5,0.32
125,2026-01-31,LATAM,Legacy,110.84,8,0.41
126,2025-04-07,MEA,Orbit Plan,68.95,11,0.44
127,2025-01-27,EU,Orbit Plan,215.31,8,0.12
128,2025-11-19,MEA,Pulse API,84.81,5,0.55
129,2025-10-10,LATAM,Orbit Plan,194.97,2,0.65
130,2025-03-20,LATAM,Legacy,105.86,12,0.27
131,2025-09-05,LATAM,Orbit Plan,74.08,9,0.75
132,2025-03-11,NA,Orbit Plan,196.02,7,0.34
133,2025-09-17,APAC,Pulse API,244.3,11,0.49
134,2025-03-18,LATAM,Nova Add-on,141.74,9,0.76
135,2025-07-13,LATAM,Legacy,183.89,7,0.23
136,2026-02-02,LATAM,Orbit Plan,30.92,12,0.91
137,2025-07-15,LATAM,Legacy,124.73,1,0.13
138,2025-10-30,APAC,Legacy,132.44,8,0.1
139,2025-08-22,NA,Pulse API,125.19,8,0.78
140,2025-05-16,APAC,Pulse API,331.13,2,0.85
141,2025-12-12,MEA,Nova Add-on,54.13,9,0.04
142,2025-02-05,EU,Pulse API,271.67,4,0.75
143,2025-08-11,NA,Pulse API,209.88,5,0.9
144,2025-01-24,APAC,Pulse API,219.86,6,0.43
145,2025-05-06,MEA,Nova Add-on,63.59,10,0.87
146,2025-11-14,EU,Nova Add-on,143.89,4,0.46
147,2025-05-11,LATAM,Orbit Plan,179.45,11,0.55
148,2025-02-07,LATAM,Legacy,114.11,5,0.64
149,2025-08-06,APAC,Nova Add-on,147.58,2,0.24
150,2025-10-20,APAC,Nova Add-on,590.93,5,0.02
151,2025-12-04,LATAM,Orbit Plan,56.37,1,0.91
152,2026-01-17,LATAM,Legacy,86.42,4,0.61
153,2025-06-30,EU,Pulse API,111.25,11,0.68
154,2025-03-12,NA,Legacy,140.2,5,0.79
155,2025-01-18,MEA,Orbit Plan,106.42,7,0.18
156,2025-03-09,MEA,Legacy,109.48,9,0.91
157,2025-03-26,APAC,Legacy,483.61,6,0.8
158,2025-08-28,NA,Orbit Plan,150.79,11,0.72
159,2025-07-23,MEA,Orbit Plan,71.04,8,0.37
160,2026-01-19,APAC,Nova Add-on,245.26,6,0.11
161,2025-04-30,LATAM,Orbit Plan,146.92,4,0.65
162,2025-11-22,LATAM,Legacy,77.13,7,0.12
163,2025-01-24,NA,Orbit Plan,185.22,3,0.39
164,2025-07-09,MEA,Nova Add-on,70.51,3,0.89
165,2025-12-02,NA,Legacy,83.87,12,0.37
166,2025-08-16,LATAM,Legacy,49.49,2,0.98
167,2025-07-08,MEA,Legacy,64.69,2,0.95
168,2025-08-21,NA,Pulse API,198.51,10,0.97
169,2025-01-26,APAC,Orbit Plan,342.49,9,0.21
170,2025-04-21,EU,Orbit Plan,237.78,10,0.0
171,2025-03-16,EU,Nova Add-on,189.12,3,0.01
172,2025-05-02,MEA,Orbit Plan,58.72,1,0.13
173,2025-08-04,MEA,Orbit Plan,94.62,10,0.11
174,2025-09-15,EU,Legacy,206.71,11,0.52
175,2025-08-23,NA,Orbit Plan,142.65,8,0.71
176,2025-08-16,NA,Legacy,230.28,3,0.07
177,2025-05-21,MEA,Pulse API,49.27,9,0.29
178,2025-09-16,MEA,Nova Add-on,63.5,2,0.85
179,2025-11-30,MEA,Pulse API,75.85,6,0.83
180,2025-07-24,LATAM,Pulse API,151.18,6,0.67
181,2025-07-11,EU,Pulse API,152.8,7,0.1
182,2026-01-14,APAC,Pulse API,266.41,10,0.96
183,2025-10-15,APAC,Pulse API,103.23,7,0.87
184,2026-01-05,NA,Legacy,303.24,6,0.1
185,2025-09-17,EU,Orbit Plan,58.63,9,0.37
186,2026-01-26,APAC,Nova Add-on,279.7,9,0.97
187,2025-11-15,MEA,Pulse API,38.54,12,0.27
188,2025-04-03,APAC,Pulse API,216.48,6,0.35
189,2025-04-03,EU,Nova Add-on,151.7,1,0.09
190,2025-09-29,EU,Orbit Plan,200.35,3,0.37
191,2026-01-05,APAC,Pulse API,225.06,3,0.75
192,2025-01-26,NA,Orbit Plan,206.63,8,0.61
193,2025-08-01,APAC,Orbit Plan,176.51,11,0.68
194,2025-09-07,MEA,Pulse API,68.25,7,0.98
195,2025-01-29,NA,Orbit Plan,343.81,5,0.33
196,2025-01-04,LATAM,Pulse API,87.85,7,0.53
197,2025-04-28,MEA,Nova Add-on,58.72,12,0.04
198,2025-01-10,LATAM,Legacy,78.67,10,0.43
199,2025-07-27,LATAM,Orbit Plan,27.11,10,0.46
200,2025-12-20,APAC,Orbit Plan,393.09,4,0.44
201,2025-07-25,MEA,Orbit Plan,97.86,3,0.08
202,2025-11-21,NA,Nova Add-on,127.39,6,0.35
203,2025-11-27,EU,Orbit Plan,205.3,11,0.08
204,2026-01-31,LATAM,Nova Add-on,130.31,10,0.45
205,2025-10-17,MEA,Orbit Plan,91.0,8,0.44
206,2025-06-05,APAC,Nova Add-on,245.61,2,0.31
207,2025-08-20,NA,Orbit Plan,235.11,2,0.62
208,2025-09-17,LATAM,Nova Add-on,96.6,12,0.9
209,2025-08-19,MEA,Pulse API,57.91,1,0.45
210,2025-06-25,NA,Nova Add-on,298.8,4,0.71
211,2025-08-13,MEA,Nova Add-on,82.84,7,0.77
212,2025-12-14,MEA,Orbit Plan,89.88,6,0.07
213,2025-02-18,MEA,Pulse API,61.63,10,0.87
214,2025-06-20,NA,Nova Add-on,340.68,6,0.31
215,2025-12-02,LATAM,Orbit Plan,105.86,11,0.79
216,2025-03-07,MEA,Orbit Plan,60.03,9,0.36
217,2025-07-05,APAC,Orbit Plan,309.31,4,1.0
218,2025-03-21,NA,Orbit Plan,402.32,9,0.77
219,2026-01-14,MEA,Orbit Plan,48.34,7,0.15
220,2025-04-03,MEA,Pulse API,105.72,8,0.04
221,2025-07-06,EU,Legacy,99.14,4,0.53
222,2025-06-08,LATAM,Legacy,68.81,11,0.95
223,2025-08-14,LATAM,Pulse API,118.0,3,0.82
224,2025-11-06,EU,Legacy,106.67,8,0.87
225,2025-10-11,NA,Pulse API,180.46,3,0.27
226,2025-09-20,EU,Legacy,176.76,4,0.82
227,2025-06-28,NA,Nova Add-on,160.7,2,0.37
228,2025-01-15,APAC,Legacy,313.34,11,0.34
229,2025-03-16,EU,Orbit Plan,241.87,12,0.47
230,2025-11-12,NA,Legacy,176.8,4,0.83
231,2025-10-08,MEA,Nova Add-on,85.47,1,0.24
232,2025-11-24,MEA,Nova Add-on,82.99,8,0.6
233,2025-01-09,MEA,Nova Add-on,3.3005000000000004,4,0.57
234,2025-04-06,NA,Nova Add-on,157.35,9,0.54
235,2025-09-17,MEA,Orbit Plan,75.11,6,0.25
236,2025-01-09,APAC,Pulse API,240.6,12,0.66
237,2025-02-23,MEA,Pulse API,66.34,11,0.18
238,2026-02-03,LATAM,Legacy,120.07,3,0.81
239,2025-02-02,LATAM,Orbit Plan,130.41,6,0.93
240,2025-09-21,LATAM,Legacy,175.01,5,0.04
241,2025-11-28,EU,Orbit Plan,192.77,5,0.12
242,2025-07-08,LATAM,Legacy,100.82,7,0.34
243,2025-04-06,LATAM,Pulse API,63.76,2,0.73
244,2025-02-10,LATAM,Nova Add-on,160.92,9,0.29
245,2025-02-22,NA,Orbit Plan,196.33,3,0.69
246,2025-06-29,LATAM,Orbit Plan,150.13,6,0.61
247,2025-08-11,APAC,Pulse API,268.06,7,0.36
248,2026-01-19,EU,Legacy,159.08,10,0.68
249,2025-08-13,NA,Orbit Plan,229.74,10,0.03
250,2025-03-20,LATAM,Legacy,165.21,2,0.57
251,2025-09-29,APAC,Nova Add-on,219.31,12,0.19
252,2025-09-23,LATAM,Legacy,86.44,5,0.7
253,2025-04-20,MEA,Orbit Plan,94.65,2,0.45
254,2026-01-01,LATAM,Legacy,87.58,6,0.67
255,2025-12-30,NA,Nova Add-on,203.68,12,0.93
256,2025-11-23,EU,Pulse API,231.5,2,0.99
257,2025-03-13,EU,Pulse API,258.97,9,0.13
258,2025-02-14,NA,Orbit Plan,236.09,12,0.48
259,2025-07-30,LATAM,Pulse API,202.27,8,0.47
260,2025-09-22,APAC,Orbit Plan,368.98,9,0.64
261,2025-04-04,EU,Nova Add-on,198.01,3,0.3
262,2025-03-24,APAC,Legacy,243.65,9,0.89
263,2025-02-10,APAC,Orbit Plan,330.17,10,0.53
264,2025-09-15,EU,Nova Add-on,166.33,3,0.66
265,2026-01-04,MEA,Orbit Plan,76.31,2,0.05
266,2025-11-25,MEA,Orbit Plan,66.73,10,0.42
267,2025-11-24,NA,Nova Add-on,175.58,8,0.24
268,2025-12-17,LATAM,Orbit Plan,87.18,1,0.16
269,2025-08-01,LATAM,Nova Add-on,98.49,6,0.73
270,2025-06-26,LATAM,Orbit Plan,128.09,9,0.11
271,2025-05-04,LATAM,Orbit Plan,89.84,7,0.86
272,2025-08-03,EU,Legacy,190.81,6,0.93
273,2026-01-05,APAC,Orbit Plan,422.98,5,0.5
274,2025-02-16,LATAM,Nova Add-on,217.66,4,0.58
275,2025-01-25,NA,Orbit Plan,98.81,5,0.54
276,2025-02-25,LATAM,Orbit Plan,67.4,6,0.76
277,2025-07-07,NA,Nova Add-on,174.19,2,0.39
278,2025-08-19,MEA,Orbit Plan,63.11,11,0.61
279,2025-03-07,NA,Nova Add-on,239.51,3,0.2
280,2025-09-18,LATAM,Nova Add-on,76.35,3,0.71
281,2025-08-31,MEA,Nova Add-on,46.84,10,0.32
282,2025-07-21,MEA,Pulse API,51.74,6,0.51
283,2025-09-18,MEA,Nova Add-on,44.34,6,0.67
284,2025-08-02,MEA,Orbit Plan,59.29,12,0.63
285,2025-11-02,LATAM,Orbit Plan,52.43,4,0.72
286,2025-10-26,LATAM,Orbit Plan,24.61,10,0.77
287,2025-07-14,EU,Pulse API,184.03,4,0.02
288,2025-06-10,LATAM,Orbit Plan,160.14,7,0.5
289,2025-11-10,LATAM,Legacy,108.77,4,0.56
290,2025-12-06,LATAM,Nova Add-on,96.25,3,0.46
291,2025-09-30,APAC,Nova Add-on,177.8,12,0.26
292,2025-09-05,EU,Legacy,66.8,5,0.22
293,2025-06-02,APAC,Pulse API,221.33,9,0.93
294,2026-01-05,APAC,Orbit Plan,161.9,9,0.38
295,2025-07-22,APAC,Legacy,285.36,12,0.08
296,2025-08-15,APAC,Pulse API,189.01,9,0.27
297,2025-10-15,APAC,Orbit Plan,169.58,11,0.91
298,2025-04-26,EU,Orbit Plan,124.34,12,0.47
299,2025-12-15,EU,Orbit Plan,42.25,8,0.48
300,2025-04-13,APAC,Orbit Plan,194.86,2,0.65
301,2025-04-29,MEA,Pulse API,73.98,7,0.88
302,2025-04-01,NA,Legacy,202.85,8,0.19
303,2026-01-19,APAC,Legacy,377.7,6,0.28
304,2025-11-25,MEA,Nova Add-on,71.85,3,0.85
305,2025-08-28,APAC,Orbit Plan,301.18,5,0.72
306,2025-01-08,APAC,Pulse API,295.23,4,0.18
307,2025-11-24,LATAM,Pulse API,93.68,3,0.98
308,2025-09-02,APAC,Legacy,12.814,4,0.45
309,2025-05-17,APAC,Orbit Plan,257.66,12,0.24
310,2025-12-08,NA,Nova Add-on,208.49,11,0.5
311,2025-12-27,APAC,Pulse API,120.8,4,0.22
312,2025-03-10,LATAM,Orbit Plan,39.97,10,0.37
313,2025-12-26,MEA,Legacy,72.04,4,0.68
314,2025-11-02,NA,Nova Add-on,81.57,6,0.08
315,2025-10-16,NA,Orbit Plan,132.69,3,0.16
316,2025-09-24,LATAM,Orbit Plan,96.52,10,0.49
317,2025-09-19,LATAM,Pulse API,65.76,1,0.56
318,2025-12-11,APAC,Pulse API,291.5,1,0.75
319,2025-10-24,NA,Orbit Plan,204.36,2,0.99
320,2025-08-30,NA,Orbit Plan,243.16,3,0.77
321,2026-01-09,LATAM,Orbit Plan,142.59,7,0.38
322,2025-12-16,MEA,Orbit Plan,53.13,2,0.18
323,2025-10-03,LATAM,Nova Add-on,477.945,5,0.46
324,2026-01-04,MEA,Nova Add-on,52.78,4,0.25
325,2025-06-27,EU,Orbit Plan,273.51,11,0.42
326,2026-01-28,NA,Orbit Plan,172.59,10,0.03
327,2025-11-03,NA,Orbit Plan,299.61,1,0.14
328,2025-05-29,EU,Pulse API,198.59,6,0.58
329,2026-01-31,APAC,Orbit Plan,449.02,7,0.3
330,2025-02-01,MEA,Legacy,19.91,3,0.63
331,2025-08-07,MEA,Nova Add-on,127.51,9,0.32
332,2025-08-02,LATAM,Orbit Plan,94.1,9,0.47
333,2025-04-26,APAC,Legacy,322.52,7,0.97
334,2025-10-13,MEA,Orbit Plan,91.52,4,0.33
335,2025-02-10,LATAM,Legacy,161.68,5,0.38
336,2025-11-06,MEA,Orbit Plan,91.59,10,0.72
337,2025-10-14,EU,Nova Add-on,218.67,1,0.21
338,2025-04-08,NA,Pulse API,169.33,4,0.7
339,2025-12-27,EU,Nova Add-on,183.72,8,0.53
340,2025-07-03,APAC,Orbit Plan,339.99,8,0.47
341,2026-01-05,LATAM,Pulse API,98.92,1,0.56
342,2025-04-24,EU,Orbit Plan,218.39,10,0.58
343,2025-08-02,APAC,Orbit Plan,217.21,8,0.55
344,2025-12-17,APAC,Orbit Plan,337.99,12,0.64
345,2025-09-09,LATAM,Orbit Plan,116.54,8,0.18
346,2025-10-05,NA,Nova Add-on,174.97,2,0.95
347,2025-12-09,NA,Pulse API,93.81,12,0.15
348,2025-04-22,MEA,Nova Add-on,94.64,11,0.67
349,2025-11-12,LATAM,Pulse API,157.23,1,0.53
350,2025-05-21,MEA,Legacy,72.98,12,0.67
351,2025-04-02,NA,Legacy,163.49,5,0.82
352,2025-05-17,LATAM,Orbit Plan,105.64,8,0.57
353,2025-12-23,EU,Orbit Plan,192.17,11,0.76
354,2025-02-17,LATAM,Orbit Plan,96.08,1,0.64
355,2025-12-26,EU,Orbit Plan,231.11,2,0.89
356,2025-01-22,EU,Orbit Plan,105.12,10,0.48
357,2025-01-24,NA,Pulse API,201.72,3,0.93
358,2025-06-11,NA,Legacy,314.62,12,0.82
359,2025-02-09,APAC,Orbit Plan,270.33,9,0.33
360,2026-01-22,EU,Pulse API,299.31,2,0.5
361,2025-06-27,NA,Orbit Plan,223.43,10,0.95
362,2025-07-23,APAC,Orbit Plan,295.96,8,0.49
363,2025-07-02,MEA,Legacy,36.37,2,0.77
364,2025-06-01,EU,Pulse API,219.48,3,0.38
365,2025-11-21,EU,Pulse API,8.3915,8,0.36
366,2025-05-19,NA,Orbit Plan,253.39,8,0.56
367,2025-09-20,LATAM,Orbit Plan,151.38,6,0.86
368,2025-01-07,APAC,Nova Add-on,321.75,12,0.9
369,2025-05-05,MEA,Nova Add-on,64.1,5,0.49
370,2025-02-02,EU,Nova Add-on,144.73,8,0.78
371,2025-07-04,APAC,Legacy,240.64,8,0.11
372,2025-06-05,NA,Legacy,131.39,10,0.38
373,2025-06-18,LATAM,Orbit Plan,140.5,3,0.3
374,2025-11-05,EU,Nova Add-on,65.6,7,0.97
375,2025-05-30,LATAM,Legacy,116.82,7,0.37
376,2025-10-16,EU,Nova Add-on,125.18,11,0.77
377,2025-01-14,LATAM,Legacy,127.26,2,0.82
378,2025-07-29,LATAM,Orbit Plan,176.63,5,0.66
379,2026-01-02,LATAM,Pulse API,215.27,7,0.53
380,2025-12-21,LATAM,Nova Add-on,162.78,6,0.7
381,2025-10-02,MEA,Pulse API,106.1,6,0.17
382,2025-11-10,NA,Nova Add-on,287.08,11,0.4
383,2026-01-21,APAC,Legacy,247.99,9,0.75
384,2025-10-13,MEA,Pulse API,71.51,6,0.39
385,2026-01-31,MEA,Pulse API,119.88,5,0.42
386,2025-02-13,NA,Legacy,437.89,6,0.31
387,2025-08-22,EU,Nova Add-on,163.46,8,0.32
388,2025-06-03,NA,Pulse API,248.45,6,0.65
389,2025-12-13,EU,Legacy,175.47,6,0.56
390,2025-08-25,EU,Pulse API,104.24,3,0.64
391,2025-08-10,LATAM,Orbit Plan,90.76,7,0.0
392,2025-04-20,EU,Orbit Plan,152.55,2,0.58
393,2025-10-02,EU,Orbit Plan,190.12,8,0.53
394,2025-11-24,APAC,Nova Add-on,302.31,10,0.11
395,2025-06-30,LATAM,Nova Add-on,133.49,10,0.59
396,2025-12-11,EU,Orbit Plan,89.22,2,0.18
397,2025-12-22,EU,Nova Add-on,150.11,3,0.49
398,2025-10-03,EU,Nova Add-on,196.86,3,0.19
399,2025-08-19,MEA,Orbit Plan,67.85,7,0.96
400,2025-09-16,LATAM,Nova Add-on,114.14,12,0.84
401,2025-09-08,EU,Orbit Plan,284.6,5,0.22
402,2025-05-28,EU,Pulse API,200.54,8,0.55
403,2025-02-27,MEA,Orbit Plan,77.17,1,0.76
404,2025-08-14,MEA,Orbit Plan,24.95,12,0.83
405,2026-01-20,EU,Orbit Plan,248.86,2,0.44
406,2025-03-02,EU,Orbit Plan,179.7,12,0.35
407,2025-12-30,MEA,Pulse API,76.76,4,0.81
408,2025-10-19,APAC,Nova Add-on,303.05,3,0.32
409,2025-12-27,APAC,Orbit Plan,240.45,11,0.82
410,2025-03-11,LATAM,Legacy,185.62,11,0.13
411,2025-03-09,EU,Orbit Plan,159.2,7,0.49
412,2025-10-23,APAC,Pulse API,321.71,2,0.63
413,2026-01-29,NA,Nova Add-on,219.85,8,0.95
414,2025-06-17,MEA,Orbit Plan,32.26,12,0.09
415,2025-08-23,APAC,Legacy,285.94,4,0.49
416,2025-06-15,APAC,Orbit Plan,172.11,10,0.85
417,2025-06-25,NA,Orbit Plan,117.12,3,0.44
418,2025-01-01,LATAM,Orbit Plan,57.79,3,0.88
419,2025-06-04,EU,Legacy,199.92,2,0.37
420,2025-11-29,EU,Orbit Plan,160.48,12,0.7
421,2025-04-30,LATAM,Pulse API,109.49,3,0.59
422,2025-09-23,LATAM,Orbit Plan,108.28,2,0.99
423,2025-08-05,EU,Nova Add-on,183.59,2,0.31
424,2025-06-03,EU,Nova Add-on,207.02,3,0.64
425,2025-12-13,EU,Orbit Plan,100.26,6,0.72
426,2025-11-18,EU,Legacy,146.5,8,0.86
427,2025-02-14,NA,Orbit Plan,309.12,7,0.31
428,2025-03-13,EU,Orbit Plan,251.25,9,0.6
429,2026-01-05,MEA,Orbit Plan,75.33,5,0.21
430,2025-11-07,MEA,Orbit Plan,67.94,11,0.05
431,2025-05-03,LATAM,Nova Add-on,113.07,1,0.99
432,2025-06-12,EU,Nova Add-on,269.68,7,0.37
433,2025-12-16,EU,Pulse API,283.67,2,0.01
434,2025-04-21,NA,Legacy,182.71,7,0.51
435,2025-11-18,MEA,Pulse API,47.96,9,0.62
436,2025-05-23,NA,Orbit Plan,256.09,4,0.97
437,2025-03-21,MEA,Orbit Plan,34.4,11,0.07
438,2025-12-24,LATAM,Pulse API,76.23,1,0.24
439,2025-08-11,NA,Nova Add-on,168.65,12,0.18
440,2025-01-07,EU,Pulse API,145.76,6,0.52
441,2026-02-05,APAC,Orbit Plan,370.8,2,0.77
442,2025-01-16,APAC,Pulse API,373.52,2,0.26
443,2025-10-23,NA,Nova Add-on,194.05,3,0.37
444,2025-05-11,NA,Legacy,218.24,2,0.23
445,2025-09-18,NA,Orbit Plan,257.57,7,0.92
446,2025-04-02,NA,Nova Add-on,176.25,12,0.66
447,2025-04-25,APAC,Orbit Plan,329.0,10,0.37
448,2025-09-15,NA,Orbit Plan,185.89,1,0.95
449,2025-02-05,LATAM,Legacy,114.89,8,0.01
450,2025-04-13,APAC,Nova Add-on,182.36,10,0.24
451,2025-07-08,MEA,Legacy,112.37,9,0.76
452,2025-05-06,EU,Orbit Plan,178.49,4,0.54
453,2025-11-22,NA,Legacy,332.68,12,0.31
454,2025-04-16,MEA,Legacy,70.33,1,0.97
455,2025-03-14,APAC,Orbit Plan,430.87,12,0.9
456,2025-08-23,NA,Nova Add-on,142.01,11,0.82
457,2025-02-08,MEA,Nova Add-on,11.97,5,0.85
458,2025-07-21,APAC,Orbit Plan,353.3,2,0.94
459,2025-03-11,MEA,Orbit Plan,91.09,2,0.54
460,2026-01-30,EU,Nova Add-on,222.42,2,0.09
461,2025-12-18,APAC,Pulse API,251.45,6,0.15
462,2025-12-31,EU,Legacy,162.92,1,0.68
463,2025-05-14,EU,Orbit Plan,122.98,4,0.09
464,2025-02-22,EU,Orbit Plan,219.07,4,0.13
465,2025-07-25,APAC,Pulse API,295.23,2,0.02
466,2025-02-03,EU,Legacy,169.91,3,0.09
467,2025-06-19,NA,Orbit Plan,174.7,12,0.39
468,2025-01-16,LATAM,Pulse API,115.67,4,0.91
469,2025-05-21,APAC,Nova Add-on,334.68,11,0.3
470,2025-07-30,MEA,Nova Add-on,97.18,7,0.14
471,2025-04-13,MEA,Orbit Plan,100.67,7,0.78
472,2025-07-03,LATAM,Nova Add-on,108.21,10,0.5
473,2025-07-18,APAC,Orbit Plan,233.17,5,0.06
474,2025-08-30,MEA,Orbit Plan,85.64,4,0.97
475,2025-02-21,EU,Pulse API,167.98,1,0.76
476,2025-04-23,MEA,Legacy,114.86,6,0.94
477,2025-03-30,EU,Orbit Plan,137.26,10,0.03
478,2025-12-25,APAC,Legacy,395.57,10,0.95
479,2025-09-10,MEA,Orbit Plan,59.36,4,0.02
480,2025-09-02,NA,Orbit Plan,222.01,3,0.34
481,2025-04-01,APAC,Orbit Plan,345.19,2,0.85
482,2025-07-06,NA,Orbit Plan,316.27,7,0.59
483,2025-06-22,APAC,Orbit Plan,406.05,11,0.96
484,2025-11-29,APAC,Orbit Plan,237.68,12,0.89
485,2025-11-11,APAC,Orbit Plan,212.09,12,0.29
486,2025-04-01,NA,Legacy,194.65,7,0.85
487,2026-01-30,MEA,Orbit Plan,25.83,4,0.64
488,2025-02-23,LATAM,Orbit Plan,57.96,4,0.35
489,2025-06-13,EU,Pulse API,293.85,12,0.89
490,2025-08-17,NA,Orbit Plan,187.13,2,0.35
491,2025-02-25,NA,Orbit Plan,145.65,7,0.49
492,2025-07-13,APAC,Nova Add-on,295.93,8,0.79
493,2025-10-23,EU,Orbit Plan,288.98,6,0.26
494,2025-02-23,NA,Orbit Plan,286.51,3,0.73
495,2025-10-08,NA,Orbit Plan,382.17,7,0.94
496,2025-03-26,MEA,Legacy,65.21,2,0.33
497,2025-04-08,LATAM,Pulse API,99.11,5,0.3
498,2025-02-19,NA,Nova Add-on,97.32,8,0.15
499,2025-07-04,NA,Nova Add-on,188.67,4,0.1
500,2025-04-16,EU,Pulse API,269.18,8,0.84
501,2025-06-07,LATAM,Nova Add-on,133.86,7,0.18
502,2025-07-15,APAC,Orbit Plan,216.19,8,0.47
503,2025-04-26,APAC,Nova Add-on,341.79,11,0.34
504,2025-10-05,LATAM,Legacy,158.34,9,0.06
505,2025-07-18,MEA,Nova Add-on,22.02,4,0.48
506,2025-02-10,LATAM,Legacy,92.89,9,0.57
507,2025-09-22,MEA,Pulse API,60.97,3,0.95
508,2025-03-27,EU,Pulse API,158.13,7,0.08
509,2025-12-16,LATAM,Orbit Plan,119.59,6,0.91
510,2025-02-04,NA,Nova Add-on,180.89,6,0.86
511,2025-09-24,LATAM,Legacy,169.6,7,0.11
512,2025-03-18,EU,Nova Add-on,187.59,2,0.92
513,2025-10-16,NA,Pulse API,326.72,5,0.38
514,2025-09-06,MEA,Nova Add-on,32.67,5,0.4
515,2025-11-13,MEA,Pulse API,49.95,12,0.24
516,2026-01-17,LATAM,Legacy,132.38,1,0.34
517,2025-06-05,APAC,Orbit Plan,119.73,4,0.13
518,2026-01-16,LATAM,Pulse API,113.13,12,0.42
519,2025-11-27,NA,Orbit Plan,254.48,9,0.87
520,2025-01-29,MEA,Pulse API,114.33,12,0.51
521,2025-03-11,MEA,Legacy,85.77,1,0.25
522,2025-08-22,NA,Legacy,229.12,5,0.37
523,2025-08-26,MEA,Nova Add-on,102.8,8,0.59
524,2025-04-01,LATAM,Nova Add-on,82.95,3,0.84
525,2025-05-13,NA,Orbit Plan,185.26,4,0.86
526,2025-11-28,EU,Pulse API,204.57,7,0.51
527,2026-02-04,NA,Nova Add-on,252.0,4,0.25
528,2025-06-06,APAC,Nova Add-on,301.47,6,0.46
529,2025-04-22,LATAM,Orbit Plan,56.63,1,0.51
530,2025-12-06,APAC,Nova Add-on,243.55,5,0.3
531,2025-02-25,LATAM,Orbit Plan,164.93,5,0.66
532,2025-11-30,APAC,Orbit Plan,250.49,4,0.9
533,2025-11-04,LATAM,Pulse API,84.06,5,0.26
534,2025-08-03,LATAM,Nova Add-on,54.19,12,0.99
535,2025-04-08,APAC,Pulse API,279.45,11,0.36
536,2025-06-03,EU,Legacy,256.75,3,0.29
537,2025-08-30,EU,Pulse API,167.48,11,0.9
538,2025-12-02,NA,Orbit Plan,122.66,5,0.42
539,2025-06-19,APAC,Orbit Plan,211.46,11,0.58
540,2025-11-14,NA,Nova Add-on,364.59,2,0.87
541,2025-07-15,MEA,Orbit Plan,115.33,4,0.34
542,2025-10-19,LATAM,Orbit Plan,135.17,3,0.78
543,2025-09-07,APAC,Pulse API,15.864500000000001,4,0.76
544,2025-03-28,MEA,Pulse API,101.15,2,0.13
545,2025-08-11,LATAM,Nova Add-on,146.96,4,0.73
546,2025-01-08,APAC,Pulse API,240.66,1,0.68
547,2025-11-17,EU,Orbit Plan,219.01,9,0.59
548,2025-03-27,NA,Pulse API,173.49,5,0.46
549,2025-09-24,MEA,Nova Add-on,35.86,8,0.36
550,2025-04-07,EU,Legacy,218.86,7,0.02
551,2025-04-25,EU,Orbit Plan,253.97,12,0.65
552,2025-01-20,LATAM,Legacy,116.26,9,0.62
553,2025-11-01,NA,Pulse API,211.24,7,0.44
554,2025-03-05,MEA,Orbit Plan,65.98,4,0.7
555,2025-11-19,NA,Orbit Plan,160.2,10,0.7
556,2025-08-03,NA,Nova Add-on,123.55,5,0.11
557,2025-02-24,LATAM,Orbit Plan,119.34,4,0.36
558,2025-07-29,APAC,Orbit Plan,327.58,4,0.69
559,2025-09-04,APAC,Orbit Plan,299.17,10,0.67
560,2025-03-18,NA,Pulse API,222.66,12,0.1
561,2025-05-12,EU,Nova Add-on,228.84,3,0.87
562,2025-05-29,APAC,Pulse API,249.87,12,0.12
563,2026-01-24,NA,Orbit Plan,291.71,8,0.96
564,2025-05-18,NA,Orbit Plan,304.92,2,0.4
565,2025-08-22,APAC,Legacy,221.73,3,0.11
566,2025-12-23,NA,Legacy,138.36,2,0.42
567,2025-10-30,LATAM,Pulse API,99.41,6,0.61
568,2025-12-17,EU,Nova Add-on,144.12,7,0.44
569,2025-02-02,APAC,Pulse API,442.69,12,0.58
570,2025-10-17,EU,Legacy,189.84,6,0.52
571,2025-12-19,MEA,Orbit Plan,60.24,11,0.64
572,2025-03-18,MEA,Legacy,54.25,1,0.64
573,2025-03-22,MEA,Legacy,99.53,8,0.32
574,2025-06-19,APAC,Orbit Plan,112.73,11,0.38
575,2025-05-01,NA,Nova Add-on,246.58,8,0.32
576,2025-09-12,NA,Orbit Plan,140.36,9,0.55
577,2025-02-16,MEA,Legacy,36.57,11,0.67
578,2025-06-24,APAC,Pulse API,114.55,8,0.33
579,2026-01-28,MEA,Nova Add-on,65.16,2,0.76
580,2025-04-24,NA,Orbit Plan,148.43,5,0.55
581,2025-07-11,NA,Orbit Plan,241.76,12,0.41
582,2025-05-11,MEA,Orbit Plan,81.57,7,0.22
583,2026-02-05,EU,Pulse API,230.8,11,0.59
584,2026-01-31,LATAM,Nova Add-on,134.96,9,0.13
585,2025-09-13,NA,Nova Add-on,391.86,8,0.92
586,2026-02-04,EU,Pulse API,224.3,3,0.1
587,2025-12-03,MEA,Nova Add-on,47.93,10,0.92
588,2026-01-26,EU,Orbit Plan,297.06,5,0.45
589,2025-03-10,EU,Nova Add-on,147.67,12,0.55
590,2025-06-10,MEA,Pulse API,31.29,10,0.71
591,2025-12-18,APAC,Legacy,356.3,3,0.5
592,2025-12-22,APAC,Pulse API,366.07,9,0.48
593,2025-10-20,LATAM,Pulse API,147.38,7,0.81
594,2025-09-25,NA,Orbit Plan,161.15,11,0.06
595,2025-05-17,EU,Legacy,165.59,5,0.2
596,2025-10-05,NA,Orbit Plan,180.41,10,0.87
597,2026-01-14,MEA,Legacy,68.5,12,0.29
598,2025-12-07,NA,Legacy,121.27,11,0.31
599,2025-10-10,NA,Orbit Plan,219.1,8,0.83
600,2025-11-21,APAC,Pulse API,386.68,10,0.2
601,2026-01-07,EU,Orbit Plan,222.03,3,0.74
602,2025-03-03,LATAM,Orbit Plan,162.37,5,0.13
603,2025-10-27,APAC,Orbit Plan,50.49,6,0.6
604,2026-02-01,MEA,Legacy,82.11,10,0.55
605,2025-02-07,APAC,Nova Add-on,366.34,3,0.42
606,2025-10-02,LATAM,Orbit Plan,97.54,4,0.66
607,2025-06-19,APAC,Orbit Plan,380.19,9,0.82
608,2025-11-29,NA,Orbit Plan,187.17,4,0.9
609,2025-11-11,MEA,Orbit Plan,119.43,2,0.39
610,2025-10-04,APAC,Orbit Plan,306.99,6,0.51
611,2025-09-18,LATAM,Nova Add-on,93.92,2,0.95
612,2025-03-27,MEA,Nova Add-on,104.07,4,0.67
613,2026-02-01,EU,Legacy,153.77,12,0.88
614,2026-01-15,LATAM,Pulse API,118.27,12,0.69
615,2025-01-13,LATAM,Pulse API,124.59,5,0.56
616,2025-10-22,EU,Legacy,185.79,8,0.63
617,2025-08-10,APAC,Orbit Plan,207.82,10,0.06
618,2026-01-17,MEA,Orbit Plan,43.14,6,0.93
619,2025-02-24,APAC,Pulse API,247.73,8,0.38
620,2025-12-05,NA,Nova Add-on,251.06,3,0.75
621,2025-10-07,APAC,Legacy,344.51,12,0.65
622,2025-01-06,MEA,Legacy,98.98,1,0.01
623,2025-11-02,LATAM,Nova Add-on,141.02,12,0.34
624,2025-07-31,MEA,Orbit Plan,63.17,10,0.83
625,2025-04-10,NA,Orbit Plan,266.23,9,0.46
626,2025-10-09,NA,Orbit Plan,76.69,2,0.2
627,2025-10-25,LATAM,Legacy,74.19,5,0.62
628,2025-04-10,APAC,Nova Add-on,366.13,11,0.31
629,2025-10-27,EU,Nova Add-on,143.8,1,0.31
630,2025-04-24,LATAM,Orbit Plan,135.26,11,0.73
631,2025-09-03,LATAM,Nova Add-on,116.89,11,0.61
632,2025-05-24,EU,Legacy,108.09,12,0.89
633,2025-02-09,NA,Legacy,283.74,10,0.41
634,2025-10-30,EU,Legacy,107.83,9,0.89
635,2025-10-04,LATAM,Pulse API,132.86,10,0.73
636,2025-05-29,EU,Nova Add-on,230.57,7,0.36
637,2025-01-06,EU,Legacy,210.24,9,0.14
638,2025-03-23,EU,Nova Add-on,98.5,3,0.74
639,2025-09-05,APAC,Orbit Plan,264.76,4,0.04
640,2025-04-16,MEA,Legacy,52.26,8,0.92
641,2025-01-24,NA,Legacy,166.1,5,0.83
642,2025-05-15,MEA,Nova Add-on,104.15,11,0.38
643,2025-10-28,NA,Nova Add-on,100.28,6,0.82
644,2025-06-26,LATAM,Pulse API,168.87,1,0.5
645,2025-03-13,LATAM,Orbit Plan,158.93,3,0.16
646,2025-11-05,NA,Pulse API,271.49,6,0.72
647,2025-09-04,LATAM,Nova Add-on,63.22,4,0.04
648,2025-10-21,MEA,Orbit Plan,50.9,1,0.89
649,2025-03-17,NA,Orbit Plan,302.04,10,0.64
650,2026-01-04,APAC,Legacy,208.62,10,0.99
651,2025-09-04,EU,Orbit Plan,150.39,3,0.62
652,2025-09-19,APAC,Orbit Plan,286.85,8,0.6
653,2025-02-05,EU,Orbit Plan,187.76,9,0.68
654,2025-03-18,MEA,Orbit Plan,73.31,10,0.6
655,2025-09-30,MEA,Pulse API,99.97,9,0.83
656,2026-02-01,LATAM,Nova Add-on,141.23,1,0.7
657,2025-08-08,EU,Legacy,72.88,12,0.91
658,2025-12-23,MEA,Orbit Plan,74.7,8,0.77
659,2025-02-12,APAC,Nova Add-on,865.665,10,0.52
660,2025-09-24,NA,Orbit Plan,203.87,6,0.41
661,2025-02-24,EU,Nova Add-on,137.85,10,0.37
662,2025-05-22,LATAM,Pulse API,94.69,9,0.48
663,2025-07-09,MEA,Nova Add-on,69.5,12,0.4
664,2025-03-12,NA,Pulse API,285.88,12,0.95
665,2025-02-21,EU,Nova Add-on,205.44,11,0.71
666,2025-03-24,LATAM,Legacy,191.70000000000002,3,0.47
667,2025-11-04,LATAM,Orbit Plan,106.95,12,0.38
668,2025-07-25,MEA,Pulse API,93.51,10,0.06
669,2026-02-01,EU,Pulse API,140.78,9,0.29
670,2025-01-18,MEA,Nova Add-on,76.15,10,0.17
671,2025-01-19,APAC,Orbit Plan,313.27,7,0.35
672,2025-07-22,LATAM,Nova Add-on,110.04,12,0.7
673,2025-02-16,MEA,Orbit Plan,96.14,5,0.23
674,2025-04-10,LATAM,Legacy,35.03,5,0.18
675,2025-09-17,NA,Nova Add-on,149.82,9,0.96
676,2025-10-03,MEA,Orbit Plan,69.56,7,0.56
677,2026-01-30,EU,Pulse API,247.76,10,0.86
678,2025-09-04,NA,Orbit Plan,199.42,4,0.68
679,2025-04-28,APAC,Nova Add-on,191.99,5,0.25
680,2025-02-17,LATAM,Pulse API,148.03,2,0.55
681,2025-04-02,LATAM,Orbit Plan,119.87,12,0.68
682,2025-04-08,LATAM,Pulse API,159.3,4,0.87
683,2025-04-16,EU,Orbit Plan,180.17,2,0.12
684,2025-02-10,LATAM,Nova Add-on,163.46,9,0.96
685,2025-09-04,APAC,Pulse API,5,5,0.49
686,2026-01-27,MEA,Orbit Plan,73.43,10,0.13
687,2025-09-27,LATAM,Nova Add-on,65.99,11,0.78
688,2025-08-23,NA,Pulse API,196.95,12,0.01
689,2025-12-12,EU,Orbit Plan,228.12,3,0.55
690,2025-05-02,APAC,Nova Add-on,311.0,6,0.18
691,2025-08-06,EU,Nova Add-on,180.83,8,0.18
692,2025-03-09,MEA,Pulse API,46.65,12,0.27
693,2025-05-01,MEA,Nova Add-on,59.92,3,0.47
694,2025-01-05,EU,Nova Add-on,204.07,11,0.52
695,2026-01-04,APAC,Pulse API,223.84,7,0.1
696,2025-03-25,NA,Orbit Plan,314.11,11,0.1
697,2026-01-17,APAC,Orbit Plan,185.76,6,0.02
698,2025-03-04,APAC,Legacy,349.39,4,0.58
699,2025-11-29,MEA,Orbit Plan,74.34,8,0.77
700,2025-08-17,NA,Nova Add-on,149.18,11,0.96
701,2025-03-27,APAC,Nova Add-on,189.44,2,0.16
702,2025-04-27,APAC,Orbit Plan,199.88,5,0.61
703,2025-07-22,APAC,Legacy,301.59,9,0.97
704,2025-07-31,EU,Orbit Plan,33.91,12,0.23
705,2025-05-09,NA,Orbit Plan,192.46,8,0.55
706,2025-01-14,LATAM,Nova Add-on,120.4,2,0.26
707,2025-03-21,NA,Pulse API,269.83,5,0.44
708,2025-03-06,EU,Nova Add-on,144.27,1,0.66
709,2025-06-16,LATAM,Nova Add-on,171.97,3,0.97
710,2025-12-24,MEA,Orbit Plan,28.48,11,0.75
711,2025-10-16,LATAM,Nova Add-on,88.8,9,0.23
712,2025-02-15,LATAM,Orbit Plan,84.52,3,0.3
713,2025-01-01,MEA,Pulse API,82.98,1,0.69
714,2025-09-09,LATAM,Orbit Plan,81.14,5,0.6
715,2025-01-04,MEA,Orbit Plan,43.29,3,0.71
716,2025-11-27,LATAM,Pulse API,136.0,2,0.42
717,2025-05-03,MEA,Pulse API,107.55,5,0.65
718,2025-09-30,APAC,Nova Add-on,171.44,3,0.14
719,2025-02-26,LATAM,Nova Add-on,102.55,1,0.15
720,2025-10-01,NA,Orbit Plan,326.48,5,0.13
721,2025-08-13,NA,Orbit Plan,272.48,5,0.79
722,2025-09-13,APAC,Nova Add-on,346.15,6,0.08
723,2026-01-20,EU,Orbit Plan,183.89,4,0.9
724,2025-05-09,LATAM,Pulse API,95.37,12,0.25
725,2026-01-30,LATAM,Orbit Plan,135.65,2,0.52
726,2025-04-17,LATAM,Nova Add-on,109.12,6,0.16
727,2026-01-08,NA,Pulse API,182.59,5,0.2
728,2025-01-27,EU,Legacy,170.14,7,0.32
729,2025-03-27,APAC,Nova Add-on,206.12,10,0.78
730,2025-09-01,MEA,Orbit Plan,81.13,4,0.16
731,2025-02-16,MEA,Orbit Plan,110.62,6,0.64
732,2025-12-26,MEA,Pulse API,62.16,4,0.32
733,2025-10-13,APAC,Pulse API,204.78,6,0.72
734,2025-05-09,NA,Nova Add-on,238.94,5,0.54
735,2025-09-08,EU,Nova Add-on,126.36,10,0.91
736,2025-10-11,EU,Orbit Plan,164.92,5,0.82
737,2025-10-05,APAC,Nova Add-on,277.52,1,0.62
738,2025-07-06,MEA,Orbit Plan,41.29,11,0.97
739,2025-07-18,EU,Nova Add-on,100.23,6,0.41
740,2025-06-14,NA,Orbit Plan,221.5,1,0.84
741,2025-03-08,EU,Legacy,201.54,10,0.64
742,2025-07-18,LATAM,Nova Add-on,152.38,5,0.05
743,2025-04-24,MEA,Pulse API,125.02,2,0.47
744,2025-11-24,NA,Orbit Plan,234.25,7,0.82
745,2025-12-29,NA,Pulse API,217.8,5,0.08
746,2025-04-21,MEA,Orbit Plan,77.02,9,0.39
747,2025-04-09,MEA,Pulse API,16.19,9,0.42
748,2025-02-24,MEA,Orbit Plan,44.67,11,0.43
749,2025-02-23,EU,Pulse API,108.97,9,1.0
750,2025-08-15,APAC,Legacy,226.69,6,0.84
751,2025-07-31,LATAM,Pulse API,97.28,7,0.77
752,2026-01-17,APAC,Orbit Plan,320.47,7,0.0
753,2025-01-18,APAC,Nova Add-on,5,5,0.98
754,2025-04-20,APAC,Orbit Plan,228.15,12,0.82
755,2025-10-11,MEA,Nova Add-on,82.69,6,0.16
756,2025-05-16,APAC,Legacy,236.32,5,0.81
757,2025-02-17,MEA,Nova Add-on,104.69,8,0.17
758,2025-12-20,MEA,Pulse API,50.32,11,0.3
759,2026-01-10,MEA,Nova Add-on,80.41,7,0.42
760,2025-03-03,EU,Pulse API,40.28,1,0.63
761,2025-11-20,LATAM,Orbit Plan,76.63,6,0.5
762,2025-04-24,EU,Orbit Plan,171.57,7,0.97
763,2026-01-21,MEA,Nova Add-on,91.99,3,0.13
764,2025-02-12,LATAM,Nova Add-on,131.96,7,0.26
765,2025-07-24,MEA,Nova Add-on,56.64,4,0.49
766,2025-11-30,MEA,Orbit Plan,30.69,12,0.52
767,2025-05-05,NA,Orbit Plan,114.12,2,0.67
768,2025-08-05,APAC,Orbit Plan,318.82,10,0.66
769,2026-01-30,APAC,Orbit Plan,160.93,10,0.15
770,2025-01-23,EU,Orbit Plan,274.75,12,0.85
771,2025-02-27,NA,Orbit Plan,188.46,5,0.01
772,2025-12-22,NA,Orbit Plan,190.0,6,0.21
773,2025-10-03,EU,Orbit Plan,131.78,12,0.99
774,2025-12-22,NA,Orbit Plan,211.32,9,0.04
775,2025-03-29,NA,Orbit Plan,246.04,11,0.95
776,2025-02-04,LATAM,Pulse API,58.2,11,0.36
777,2025-02-25,NA,Orbit Plan,276.59,9,0.98
778,2025-02-20,APAC,Nova Add-on,199.84,2,0.19
779,2025-09-14,LATAM,Nova Add-on,107.44,5,0.33
780,2025-07-21,EU,Orbit Plan,162.55,6,0.63
781,2025-05-01,MEA,Orbit Plan,87.5,1,0.94
782,2025-05-24,EU,Orbit Plan,198.47,11,0.14
783,2026-01-09,LATAM,Nova Add-on,75.83,7,0.24
784,2025-03-20,LATAM,Legacy,39.69,6,0.45
785,2025-03-09,EU,Pulse API,96.5,3,0.31
786,2025-12-28,MEA,Legacy,51.87,3,0.66
787,2025-10-17,EU,Orbit Plan,36.36,6,0.84
788,2025-03-16,NA,Pulse API,153.86,7,0.96
789,2025-06-05,LATAM,Pulse API,133.86,3,0.78
790,2025-02-24,EU,Orbit Plan,99.28,10,0.62
791,2025-11-07,MEA,Nova Add-on,55.4,2,0.69
792,2025-09-02,EU,Nova Add-on,154.02,12,0.65
793,2025-04-05,LATAM,Nova Add-on,126.39,1,0.93
794,2025-07-31,EU,Pulse API,211.4,4,0.07
795,2025-08-13,MEA,Nova Add-on,57.71,7,0.78
796,2025-11-08,LATAM,Pulse API,147.95,12,0.57
797,2025-10-02,MEA,Pulse API,68.05,8,0.83
798,2025-01-22,EU,Nova Add-on,163.07,12,0.04
799,2025-07-18,MEA,Pulse API,85.46,5,0.77
800,2025-05-27,LATAM,Orbit Plan,104.18,1,0.69
801,2025-03-14,LATAM,Pulse API,51.16,10,0.94
802,2025-12-23,MEA,Orbit Plan,81.73,8,0.02
803,2025-08-21,MEA,Legacy,110.22,6,0.69
804,2025-12-31,EU,Pulse API,100.6,2,0.71
805,2025-11-21,APAC,Orbit Plan,221.12,10,0.95
806,2025-07-13,MEA,Nova Add-on,31.94,6,0.57
807,2025-12-04,EU,Orbit Plan,246.33,5,0.31
808,2026-01-29,LATAM,Orbit Plan,161.99,3,0.96
809,2025-01-02,MEA,Pulse API,98.66,1,0.61
810,2025-09-10,EU,Orbit Plan,185.66,8,0.41
811,2025-02-10,MEA,Nova Add-on,71.02,9,0.82
812,2025-04-17,NA,Orbit Plan,316.89,6,0.04
813,2025-01-17,MEA,Legacy,53.48,7,0.99
814,2025-03-24,APAC,Nova Add-on,455.31,10,0.57
815,2025-10-15,EU,Legacy,179.75,5,0.32
816,2025-07-14,NA,Pulse API,147.23,2,0.29
817,2025-03-10,NA,Pulse API,205.6,12,0.21
818,2025-01-30,NA,Nova Add-on,313.12,9,0.99
819,2025-09-05,MEA,Legacy,90.08,6,0.26
820,2025-10-22,MEA,Orbit Plan,68.26,10,0.5
821,2026-01-09,LATAM,Nova Add-on,132.51,4,0.0
822,2025-01-13,LATAM,Pulse API,157.75,4,0.8
823,2025-08-01,LATAM,Orbit Plan,69.14,11,0.2
824,2025-05-25,APAC,Pulse API,393.55,9,0.55
825,2026-01-28,NA,Orbit Plan,181.36,1,0.83
826,2025-04-10,APAC,Legacy,339.16,8,0.92
827,2025-01-19,EU,Nova Add-on,87.31,6,0.46
828,2025-07-31,NA,Legacy,103.54,12,0.68
829,2025-10-12,MEA,Orbit Plan,50.55,6,0.07
830,2025-03-18,APAC,Legacy,221.82,7,0.63
831,2025-03-26,MEA,Nova Add-on,74.68,5,0.71
832,2025-06-11,NA,Orbit Plan,255.45,4,0.37
833,2025-06-04,EU,Nova Add-on,207.69,4,0.91
834,2025-08-16,MEA,Orbit Plan,91.14,9,0.15
835,2025-06-24,LATAM,Pulse API,44.18,2,0.82
836,2025-09-22,EU,Orbit Plan,163.89,7,0.71
837,2025-09-25,NA,Orbit Plan,326.92,2,0.33
838,2025-01-24,NA,Nova Add-on,171.59,5,0.02
839,2026-01-24,APAC,Pulse API,275.2,9,0.32
840,2025-08-14,NA,Orbit Plan,269.89,2,0.02
841,2025-11-15,MEA,Nova Add-on,76.13,3,0.94
842,2025-05-26,MEA,Orbit Plan,91.91,10,0.89
843,2025-10-04,LATAM,Orbit Plan,191.84,7,0.05
844,2025-08-07,LATAM,Orbit Plan,125.08,10,0.63
845,2025-12-20,LATAM,Nova Add-on,82.85,11,0.81
846,2025-02-10,LATAM,Nova Add-on,175.61,12,0.47
847,2025-08-22,APAC,Pulse API,234.81,4,0.14
848,2025-11-12,APAC,Legacy,161.32,12,0.92
849,2025-06-19,APAC,Nova Add-on,361.49,8,0.85
850,2025-05-25,APAC,Nova Add-on,279.54,2,0.41
851,2026-01-01,NA,Orbit Plan,139.36,7,0.59
852,2025-05-03,MEA,Orbit Plan,34.94,8,0.38
853,2025-06-24,EU,Pulse API,87.19,6,0.54
854,2025-05-01,EU,Pulse API,120.31,12,0.57
855,2025-09-07,NA,Nova Add-on,124.65,3,0.31
856,2025-07-27,NA,Nova Add-on,242.63,10,0.77
857,2025-07-14,APAC,Nova Add-on,238.79,10,0.9
858,2025-11-22,NA,Pulse API,191.66,8,0.53
859,2025-07-19,MEA,Nova Add-on,82.41,10,0.79
860,2025-12-14,APAC,Legacy,389.71,12,0.98
861,2025-06-26,NA,Nova Add-on,149.64,5,0.06
862,2025-10-09,NA,Orbit Plan,160.68,6,0.11
863,2025-05-25,NA,Orbit Plan,197.2,7,0.41
864,2025-08-11,MEA,Orbit Plan,46.56,3,0.19
865,2025-07-16,APAC,Legacy,438.0,3,0.01
866,2025-11-28,NA,Orbit Plan,439.44,11,0.44
867,2025-03-11,NA,Orbit Plan,272.59,12,0.6
868,2025-08-06,MEA,Orbit Plan,24.37,9,0.82
869,2025-07-16,APAC,Orbit Plan,250.1,12,0.24
870,2025-09-14,APAC,Nova Add-on,265.06,6,0.03
871,2025-01-20,MEA,Nova Add-on,48.11,2,0.14
872,2026-01-10,MEA,Legacy,93.73,5,0.46
873,2025-02-10,MEA,Legacy,93.54,11,0.08
874,2025-11-21,MEA,Pulse API,84.62,1,0.9
875,2025-10-01,NA,Nova Add-on,133.61,7,0.35
876,2025-05-31,APAC,Orbit Plan,251.86,10,0.75
877,2026-01-08,MEA,Orbit Plan,47.86,11,0.99
878,2026-01-13,MEA,Orbit Plan,46.63,3,0.51
879,2025-05-23,APAC,Orbit Plan,225.24,2,0.6
880,2025-10-30,EU,Pulse API,302.1,3,0.26
881,2025-12-25,EU,Nova Add-on,218.28,2,0.97
882,2025-11-01,EU,Legacy,60.6,7,0.77
883,2025-05-02,LATAM,Pulse API,135.11,1,0.64
884,2026-01-22,NA,Orbit Plan,307.76,8,0.3
885,2026-01-18,MEA,Orbit Plan,60.12,9,0.87
886,2025-01-07,APAC,Legacy,177.29,11,0.32
887,2025-09-29,NA,Orbit Plan,149.43,10,0.92
888,2025-05-20,APAC,Orbit Plan,243.39,5,0.65
889,2025-07-20,LATAM,Pulse API,109.64,4,0.52
890,2025-12-13,EU,Orbit Plan,77.43,1,0.83
891,2025-01-07,LATAM,Orbit Plan,143.23,5,0.25
892,2025-01-18,NA,Nova Add-on,270.83,10,0.66
893,2025-04-22,MEA,Pulse API,66.77,3,0.38
894,2026-01-27,MEA,Pulse API,58.04,2,0.7
895,2025-05-10,APAC,Nova Add-on,379.56,5,0.77
896,2025-12-21,APAC,Orbit Plan,209.31,5,0.78
897,2025-07-15,LATAM,Orbit Plan,199.33,8,0.07
898,2025-04-13,MEA,Nova Add-on,92.53,2,0.14
899,2026-01-29,LATAM,Orbit Plan,57.2,2,0.03
900,2025-02-06,MEA,Pulse API,27.61,1,0.9
901,2025-03-18,NA,Legacy,189.02,7,0.57
902,2025-09-21,LATAM,Nova Add-on,83.95,12,0.78
903,2025-02-05,MEA,Orbit Plan,41.99,2,0.57
904,2025-07-03,APAC,Pulse API,352.39,11,1.0
905,2025-11-28,NA,Orbit Plan,262.45,5,0.65
906,2025-04-01,MEA,Orbit Plan,52.21,4,0.3
907,2025-07-19,NA,Pulse API,199.45,12,0.19
908,2025-01-19,EU,Orbit Plan,200.52,4,0.49
909,2025-02-02,MEA,Pulse API,6.57,1,0.04
910,2025-01-29,APAC,Pulse API,260.47,2,0.21
911,2025-12-01,MEA,Nova Add-on,48.21,10,0.23
912,2025-02-06,NA,Pulse API,78.94,1,0.47
913,2025-11-13,NA,Orbit Plan,212.22,5,0.82
914,2025-02-19,LATAM,Nova Add-on,104.73,2,0.82
915,2025-02-24,NA,Nova Add-on,236.53,7,0.34
916,2026-01-13,LATAM,Orbit Plan,84.11,10,0.55
917,2025-06-14,EU,Pulse API,132.51,3,0.76
918,2025-03-28,APAC,Nova Add-on,214.58,10,0.04
919,2025-02-21,MEA,Orbit Plan,97.61,1,0.18
920,2025-02-15,MEA,Legacy,112.18,8,0.69
921,2025-04-16,EU,Pulse API,115.75,10,0.69
922,2025-11-02,EU,Pulse API,170.61,2,0.63
923,2026-02-05,APAC,Orbit Plan,326.68,9,0.98
924,2025-11-13,APAC,Legacy,261.92,9,0.22
925,2026-01-30,EU,Orbit Plan,218.94,8,0.5
926,2025-03-23,NA,Orbit Plan,348.92,4,0.43
927,2025-06-21,MEA,Pulse API,70.39,9,0.18
928,2025-01-15,LATAM,Nova Add-on,98.56,4,0.72
929,2025-10-31,MEA,Orbit Plan,81.65,2,0.33
930,2025-02-20,EU,Pulse API,269.83,7,0.89
931,2025-02-07,LATAM,Nova Add-on,148.82,10,0.45
932,2025-07-18,APAC,Orbit Plan,292.6,11,0.36
933,2025-05-19,EU,Orbit Plan,260.04,2,0.85
934,2025-08-23,LATAM,Orbit Plan,120.0,5,0.6
935,2025-11-23,MEA,Legacy,42.59,7,0.86
936,2025-09-08,EU,Nova Add-on,142.33,5,0.01
937,2025-08-08,EU,Orbit Plan,139.07,3,0.91
938,2025-01-03,LATAM,Legacy,120.96,8,0.73
939,2025-09-16,NA,Nova Add-on,109.53,2,0.45
940,2025-05-04,NA,Nova Add-on,306.44,12,0.41
941,2025-04-22,EU,Orbit Plan,196.02,11,0.3
942,2025-12-27,LATAM,Legacy,252.28,1,0.98
943,2025-08-26,EU,Legacy,87.82,8,0.7
944,2025-01-01,NA,Nova Add-on,296.19,9,0.03
945,2025-08-07,APAC,Pulse API,169.45,11,0.08
946,2025-06-21,NA,Nova Add-on,154.56,6,0.89
947,2025-02-26,LATAM,Orbit Plan,83.09,9,0.7
948,2025-10-15,EU,Orbit Plan,139.1,9,0.11
949,2025-09-02,MEA,Legacy,58.03,6,0.35
950,2025-05-17,MEA,Pulse API,30.8,2,0.37
951,2025-08-20,LATAM,Nova Add-on,130.8,9,0.9
952,2025-08-20,MEA,Orbit Plan,45.76,12,0.81
953,2025-02-03,EU,Legacy,155.14,5,0.96
954,2025-02-09,NA,Orbit Plan,228.24,3,0.5
955,2025-04-15,MEA,Legacy,95.17,3,0.47
956,2025-08-04,LATAM,Pulse API,115.68,4,0.06
957,2025-04-29,MEA,Pulse API,50.92,6,0.49
958,2025-12-07,MEA,Legacy,81.83,5,0.57
959,2025-06-06,EU,Pulse API,188.83,1,0.15
960,2025-05-26,LATAM,Legacy,146.74,3,0.71
961,2025-05-27,EU,Legacy,231.52,3,0.16
962,2025-03-01,NA,Legacy,119.84,8,0.26
963,2025-04-05,EU,Nova Add-on,233.71,6,0.45
964,2025-03-25,MEA,Orbit Plan,74.63,7,0.93
965,2026-01-29,EU,Legacy,212.99,9,0.98
966,2025-06-19,APAC,Nova Add-on,236.77,10,0.67
967,2025-10-17,LATAM,Orbit Plan,143.46,11,0.55
968,2025-06-07,NA,Nova Add-on,277.03,8,0.36
969,2025-06-17,NA,Nova Add-on,251.81,5,0.2
970,2025-02-12,MEA,Legacy,98.19,2,0.98
971,2025-07-21,EU,Nova Add-on,119.88,11,0.36
972,2025-03-17,LATAM,Orbit Plan,82.17,5,0.34
973,2025-06-07,LATAM,Legacy,162.94,7,0.8
974,2025-05-28,EU,Pulse API,233.16,7,0.73
975,2025-08-01,EU,Legacy,151.35,9,0.99
976,2025-02-03,MEA,Pulse API,62.12,7,0.64
977,2025-05-20,LATAM,Orbit Plan,61.53,4,0.19
978,2025-07-15,APAC,Nova Add-on,287.79,5,0.83
979,2025-06-05,LATAM,Nova Add-on,5.0625,5,0.96
980,2025-11-22,LATAM,Orbit Plan,112.04,5,0.42
981,2025-09-09,EU,Orbit Plan,186.78,10,0.75
982,2025-10-25,LATAM,Nova Add-on,65.32,11,0.69
983,2025-12-22,NA,Orbit Plan,218.45,10,0.06
984,2025-06-13,LATAM,Legacy,102.8,3,0.05
985,2025-07-04,LATAM,Pulse API,121.69,11,0.94
986,2025-09-21,EU,Pulse API,174.46,2,0.6
987,2025-03-27,MEA,Orbit Plan,50.88,5,0.69
988,2025-12-19,APAC,Orbit Plan,420.73,3,0.01
989,2025-09-23,APAC,Orbit Plan,177.37,2,0.22
990,2025-09-15,EU,Legacy,185.44,9,0.61
991,2025-09-27,MEA,Pulse API,56.96,2,0.12
992,2025-03-09,NA,Nova Add-on,87.49,6,0.14
993,2025-08-15,MEA,Nova Add-on,84.8,12,0.81
994,2025-04-24,EU,Legacy,172.77,4,0.31
995,2025-04-18,EU,Legacy,84.8,1,0.77
996,2026-01-23,LATAM,Orbit Plan,139.73,11,0.51
997,2025-01-31,LATAM,Orbit Plan,109.73,2,0.78
998,2025-11-05,EU,Nova Add-on,203.32,11,0.35
999,2025-02-16,EU,Legacy,323.45,3,0.86
1000,2026-02-04,MEA,Orbit Plan,48.66,2,0.82
1001,2026-01-26,NA,Nova Add-on,177.63,9,0.0
1002,2026-01-07,NA,Legacy,25.81,12,0.47
1003,2025-12-24,MEA,Orbit Plan,64.6,7,0.42
1004,2025-09-21,EU,Nova Add-on,153.38,6,0.12
1005,2025-02-26,MEA,Orbit Plan,72.95,1,0.08
1006,2025-09-10,NA,Nova Add-on,100.09,12,0.31
1007,2025-08-16,EU,Nova Add-on,148.75,2,0.89
1008,2025-09-01,APAC,Orbit Plan,433.16,8,0.67
1009,2025-07-22,LATAM,Nova Add-on,101.36,12,0.59
1010,2025-02-22,EU,Orbit Plan,151.58,6,0.2
1011,2025-07-26,NA,Orbit Plan,139.4,10,0.59
1012,2026-01-23,LATAM,Orbit Plan,130.63,7,0.99
1013,2025-09-19,APAC,Orbit Plan,215.42,4,0.63
1014,2025-03-10,NA,Orbit Plan,231.05,2,0.5
1015,2025-01-14,EU,Nova Add-on,164.39,2,0.76
1016,2025-12-05,MEA,Pulse API,57.27,4,0.29
1017,2025-09-12,LATAM,Nova Add-on,42.37,1,0.95
1018,2025-01-17,LATAM,Legacy,91.53,8,0.31
1019,2025-07-12,LATAM,Nova Add-on,158.06,5,0.88
1020,2025-03-26,LATAM,Nova Add-on,120.07,7,0.49
1021,2025-02-26,MEA,Pulse API,50.05,8,0.56
1022,2025-03-22,MEA,Orbit Plan,38.53,10,0.97
1023,2025-11-12,APAC,Pulse API,253.04,3,0.84
1024,2025-06-28,MEA,Orbit Plan,78.52,6,0.38
1025,2025-08-08,APAC,Legacy,233.61,4,0.65
1026,2025-10-31,NA,Legacy,233.8,5,0.11
1027,2025-03-28,NA,Nova Add-on,329.67,9,0.9
1028,2025-05-17,NA,Pulse API,246.24,6,0.38
1029,2025-07-19,APAC,Nova Add-on,274.97,6,0.5
1030,2026-01-27,APAC,Orbit Plan,220.99,7,0.2
1031,2025-11-22,NA,Legacy,158.22,10,0.4
1032,2025-04-26,MEA,Pulse API,65.5,10,0.09
1033,2025-06-22,APAC,Orbit Plan,292.67,2,0.65
1034,2025-06-04,MEA,Pulse API,43.6,9,0.31
1035,2025-08-01,LATAM,Orbit Plan,52.82,1,0.63
1036,2025-09-22,EU,Nova Add-on,170.94,12,0.94
1037,2025-05-18,MEA,Pulse API,102.12,12,0.63
1038,2025-09-25,EU,Orbit Plan,70.38,3,0.75
1039,2026-01-27,APAC,Legacy,107.43,11,0.2
1040,2025-07-31,APAC,Pulse API,356.47,5,0.69
1041,2025-05-01,LATAM,Orbit Plan,115.37,5,0.46
1042,2025-10-14,LATAM,Nova Add-on,117.38,4,0.16
1043,2025-03-11,NA,Orbit Plan,257.27,1,0.96
1044,2025-09-06,NA,Orbit Plan,113.43,6,0.6
1045,2025-02-02,LATAM,Legacy,72.11,12,0.84
1046,2025-05-01,NA,Nova Add-on,78.66,2,0.52
1047,2025-10-25,MEA,Orbit Plan,83.52,6,0.33
1048,2025-10-27,LATAM,Pulse API,91.17,7,0.22
1049,2025-02-24,EU,Orbit Plan,170.08,1,0.49
1050,2025-07-11,NA,Orbit Plan,297.96,11,0.25
1051,2025-05-23,EU,Orbit Plan,154.97,10,0.03
1052,2026-01-14,NA,Pulse API,80.4,4,0.25
1053,2025-07-16,APAC,Pulse API,199.96,9,0.87
1054,2025-08-15,LATAM,Orbit Plan,30.78,5,0.3
1055,2026-01-23,EU,Orbit Plan,203.63,6,0.88
1056,2026-01-28,LATAM,Pulse API,92.42,2,0.82
1057,2025-09-09,LATAM,Pulse API,141.0,2,0.82
1058,2025-12-24,APAC,Nova Add-on,223.53,10,0.73
1059,2025-10-08,APAC,Nova Add-on,289.33,11,0.44
1060,2025-11-25,EU,Orbit Plan,183.52,5,0.31
1061,2025-02-12,NA,Orbit Plan,17.49,3,0.85
1062,2025-12-18,LATAM,Pulse API,99.55,8,0.87
1063,2025-03-10,APAC,Orbit Plan,192.38,2,0.41
1064,2025-04-04,LATAM,Legacy,91.07,10,0.22
1065,2025-01-12,MEA,Pulse API,32.64,4,0.26
1066,2025-03-28,NA,Nova Add-on,100.17,5,0.15
1067,2025-07-08,EU,Legacy,254.27,8,0.83
1068,2025-09-11,NA,Orbit Plan,302.44,5,0.29
1069,2025-09-11,LATAM,Orbit Plan,142.29,5,0.73
1070,2025-04-07,LATAM,Orbit Plan,69.08,1,0.29
1071,2025-05-15,EU,Nova Add-on,230.55,8,0.09
1072,2025-08-29,EU,Legacy,146.72,7,0.69
1073,2026-01-01,LATAM,Pulse API,107.42,1,0.05
1074,2025-05-01,LATAM,Legacy,80.49,11,0.97
1075,2025-11-03,NA,Orbit Plan,144.62,11,0.37
1076,2025-10-14,NA,Nova Add-on,217.85,9,0.49
1077,2025-06-23,LATAM,Orbit Plan,90.57,2,0.31
1078,2025-03-07,LATAM,Legacy,153.17,12,0.36
1079,2025-08-09,APAC,Legacy,245.8,9,0.31
1080,2025-03-26,APAC,Pulse API,430.6,3,0.56
1081,2025-12-03,LATAM,Orbit Plan,126.55,5,0.16
1082,2025-08-28,LATAM,Orbit Plan,132.37,8,0.04
1083,2025-07-02,MEA,Nova Add-on,22.67,2,0.35
1084,2025-04-15,APAC,Orbit Plan,267.75,9,0.82
1085,2025-10-16,MEA,Orbit Plan,72.23,3,0.42
1086,2025-02-09,EU,Pulse API,179.93,6,0.03
1087,2025-12-15,NA,Nova Add-on,60.43,3,0.03
1088,2025-08-24,LATAM,Nova Add-on,59.13,10,0.66
1089,2025-06-18,NA,Pulse API,285.04,12,0.91
1090,2025-10-19,EU,Orbit Plan,163.04,11,0.28
1091,2025-01-29,NA,Nova Add-on,192.84,4,0.97
1092,2025-07-24,NA,Orbit Plan,199.66,7,0.78
1093,2025-05-26,EU,Orbit Plan,113.07,5,0.9
1094,2025-11-05,EU,Orbit Plan,183.85,6,0.51
1095,2025-09-08,LATAM,Legacy,61.0,7,0.81
1096,2025-11-11,EU,Nova Add-on,191.96,1,0.51
1097,2025-08-26,EU,Pulse API,147.03,11,0.52
1098,2025-05-29,LATAM,Nova Add-on,23.36,8,0.3
1099,2025-03-07,APAC,Legacy,184.64,2,0.92
1100,2025-09-20,NA,Nova Add-on,210.68,8,0.66
1101,2025-10-19,APAC,Orbit Plan,126.26,12,0.66
1102,2025-04-02,EU,Legacy,124.8,7,0.88
1103,2025-06-02,APAC,Nova Add-on,129.83,5,0.34
1104,2025-04-06,EU,Orbit Plan,206.18,10,0.26
1105,2025-12-11,NA,Nova Add-on,296.7,11,0.48
1106,2025-12-21,LATAM,Legacy,114.34,10,0.73
1107,2025-06-05,MEA,Pulse API,42.12,11,0.39
1108,2025-06-04,NA,Orbit Plan,141.03,2,0.82
1109,2025-12-23,EU,Legacy,203.09,7,0.84
1110,2025-10-03,EU,Orbit Plan,268.14,3,0.47
1111,2025-01-12,NA,Orbit Plan,289.0,8,0.02
1112,2025-08-19,MEA,Orbit Plan,101.21,7,0.05
1113,2025-01-05,NA,Pulse API,170.66,12,0.58
1114,2026-01-10,MEA,Legacy,5,7,0.49
1115,2025-10-30,MEA,Legacy,110.76,1,0.53
1116,2025-08-05,MEA,Orbit Plan,42.32,11,0.42
1117,2025-08-31,NA,Nova Add-on,285.9,1,0.16
1118,2026-01-07,EU,Nova Add-on,158.25,9,0.22
1119,2025-12-17,APAC,Legacy,347.29,5,0.72
1120,2025-07-19,LATAM,Legacy,61.42,12,0.36
1121,2025-08-30,EU,Pulse API,158.78,3,0.17
1122,2025-03-22,MEA,Nova Add-on,109.91,8,0.3
1123,2025-04-18,MEA,Orbit Plan,120.21,3,0.17
1124,2025-09-15,NA,Pulse API,238.06,2,0.62
1125,2025-03-03,MEA,Orbit Plan,68.9,1,0.77
1126,2025-10-13,APAC,Legacy,342.91,9,0.6
1127,2025-02-23,NA,Legacy,141.3,2,0.97
1128,2026-02-05,MEA,Nova Add-on,80.31,2,0.82
1129,2025-01-22,MEA,Orbit Plan,36.05,3,0.73
1130,2025-12-29,LATAM,Pulse API,53.24,2,0.15
1131,2025-07-06,APAC,Pulse API,303.76,1,0.25
1132,2025-08-31,APAC,Orbit Plan,302.66,5,0.37
1133,2026-01-22,LATAM,Orbit Plan,98.76,7,0.79
1134,2025-03-12,LATAM,Nova Add-on,91.0,8,0.95
1135,2025-09-22,APAC,Legacy,114.0,9,0.94
1136,2025-02-13,APAC,Orbit Plan,315.09,3,0.43
1137,2025-07-21,NA,Pulse API,115.28,11,0.98
1138,2025-12-05,MEA,Legacy,28.96,11,0.7
1139,2025-06-05,APAC,Legacy,333.64,3,0.7
1140,2025-08-17,EU,Legacy,182.53,10,0.65
1141,2025-12-24,APAC,Legacy,278.26,5,0.08
1142,2025-10-03,APAC,Nova Add-on,169.16,3,0.52
1143,2025-10-04,APAC,Orbit Plan,181.47,11,0.16
1144,2025-01-15,MEA,Nova Add-on,68.45,5,0.73
1145,2025-09-16,NA,Pulse API,252.5,2,0.05
1146,2025-11-30,NA,Nova Add-on,169.9,1,0.45
1147,2025-05-01,MEA,Nova Add-on,97.13,10,0.23
1148,2025-06-03,APAC,Pulse API,181.17,10,0.67
1149,2026-01-01,LATAM,Nova Add-on,110.51,6,0.45
1150,2025-03-17,LATAM,Pulse API,144.31,1,0.42
1151,2025-03-08,LATAM,Orbit Plan,161.04,9,0.52
1152,2025-07-22,APAC,Nova Add-on,324.44,8,0.69
1153,2025-09-08,LATAM,Pulse API,122.37,3,0.97
1154,2025-09-20,MEA,Orbit Plan,80.06,8,0.03
1155,2025-03-22,MEA,Orbit Plan,101.73,2,0.37
1156,2025-05-29,NA,Nova Add-on,188.86,5,0.99
1157,2025-06-05,APAC,Nova Add-on,272.9,1,0.94
1158,2025-06-06,APAC,Orbit Plan,211.29,8,0.0
1159,2025-10-08,APAC,Orbit Plan,360.17,8,0.9
1160,2026-02-05,LATAM,Nova Add-on,122.22,10,0.13
1161,2025-03-12,MEA,Pulse API,72.66,12,0.33
1162,2025-11-16,MEA,Nova Add-on,33.75,7,0.34
1163,2025-01-24,LATAM,Pulse API,63.05,10,0.63
1164,2026-01-31,APAC,Nova Add-on,115.21,9,0.09
1165,2025-11-13,MEA,Nova Add-on,100.1,8,0.5
1166,2025-01-10,NA,Pulse API,252.64,1,0.27
1167,2025-04-16,EU,Pulse API,223.96,9,0.61
1168,2025-07-25,MEA,Orbit Plan,42.65,1,0.34
1169,2025-04-03,LATAM,Orbit Plan,72.81,2,0.54
1170,2025-05-27,EU,Orbit Plan,169.22,3,0.31
1171,2025-07-28,EU,Orbit Plan,218.68,5,0.39
1172,2025-06-13,EU,Nova Add-on,170.36,7,0.94
1173,2025-03-03,NA,Orbit Plan,221.37,9,0.39
1174,2025-02-28,APAC,Orbit Plan,139.15,7,0.07
1175,2025-01-15,LATAM,Pulse API,116.4,10,0.68
1176,2025-05-07,MEA,Pulse API,67.55,10,0.41
1177,2025-02-12,MEA,Orbit Plan,93.21,4,0.54
1178,2025-08-05,MEA,Nova Add-on,3.2630000000000003,10,0.29
1179,2025-03-27,NA,Orbit Plan,274.25,11,0.38
1180,2025-06-29,EU,Nova Add-on,156.25,1,0.16
1181,2025-10-01,MEA,Orbit Plan,102.07,12,0.56
1182,2025-05-24,LATAM,Orbit Plan,141.85,6,0.88
1183,2025-06-25,APAC,Legacy,240.94,6,0.34
1184,2025-08-24,MEA,Orbit Plan,51.12,3,0.65
1185,2025-01-02,MEA,Nova Add-on,99.82,12,0.7
1186,2026-01-26,LATAM,Nova Add-on,76.6,11,0.65
1187,2025-10-03,NA,Legacy,253.7,7,0.83
1188,2025-07-03,LATAM,Orbit Plan,71.76,12,0.98
1189,2025-03-05,LATAM,Orbit Plan,111.85,5,0.68
1190,2025-12-30,APAC,Orbit Plan,271.69,11,0.3
1191,2026-01-03,EU,Orbit Plan,120.21,12,0.71
1192,2025-04-18,NA,Orbit Plan,222.84,7,0.11
1193,2025-05-23,MEA,Nova Add-on,77.7,11,0.68
1194,2025-10-17,EU,Orbit Plan,216.29,2,0.13
1195,2025-10-19,EU,Legacy,173.33,1,0.99
1196,2025-12-21,MEA,Nova Add-on,50.55,8,0.0
1197,2025-08-07,NA,Legacy,154.24,2,0.68
1198,2025-08-27,LATAM,Orbit Plan,176.58,12,0.22
1199,2025-05-23,LATAM,Nova Add-on,94.48,10,0.81
1200,2026-01-13,EU,Legacy,237.47,2,0.92
1201,2025-04-11,EU,Orbit Plan,261.48,7,0.81
1202,2025-10-31,APAC,Legacy,309.05,8,0.24
1203,2025-06-24,NA,Pulse API,163.83,10,0.62
1204,2026-01-27,NA,Pulse API,213.02,2,0.97
1205,2025-01-18,LATAM,Orbit Plan,118.13,8,0.05
1206,2025-11-09,LATAM,Orbit Plan,98.46,9,0.05
1207,2025-07-15,LATAM,Orbit Plan,110.35,11,0.62
1208,2025-08-21,LATAM,Nova Add-on,81.95,10,0.62
1209,2025-06-23,NA,Nova Add-on,196.25,10,0.71
1210,2025-10-31,EU,Legacy,216.32,9,0.26
1211,2025-08-04,LATAM,Pulse API,82.98,1,0.13
1212,2025-10-27,LATAM,Nova Add-on,119.8,6,0.31
1213,2025-10-05,EU,Orbit Plan,159.19,1,0.52
1214,2025-12-03,EU,Orbit Plan,233.86,9,0.86
1215,2025-08-05,APAC,Orbit Plan,321.06,6,0.19
1216,2025-09-01,LATAM,Nova Add-on,190.14,10,0.57
1217,2025-06-21,MEA,Orbit Plan,64.53,1,0.5
1218,2025-01-02,EU,Pulse API,206.11,4,0.24
1219,2026-01-12,APAC,Pulse API,194.56,1,0.36
1220,2025-02-07,APAC,Orbit Plan,324.7,5,0.44
1221,2025-11-20,MEA,Legacy,27.54,5,0.17
1222,2025-05-15,EU,Orbit Plan,312.14,3,0.2
1223,2025-04-01,APAC,Legacy,395.7,2,0.34
1224,2025-04-18,APAC,Nova Add-on,278.01,6,0.66
1225,2025-09-27,MEA,Legacy,76.5,3,0.79
1226,2025-04-09,MEA,Orbit Plan,63.77,10,0.43
1227,2025-11-22,EU,Legacy,186.88,5,0.79
1228,2025-06-17,EU,Orbit Plan,96.46,3,0.85
1229,2025-10-27,LATAM,Orbit Plan,147.87,2,0.17
1230,2025-07-18,MEA,Orbit Plan,83.53,3,0.32
1231,2025-07-11,MEA,Pulse API,63.87,7,0.64
1232,2025-10-26,NA,Orbit Plan,132.11,8,0.86
1233,2025-07-22,EU,Orbit Plan,242.76,6,0.25
1234,2025-02-13,EU,Pulse API,127.22,9,0.35
1235,2025-10-26,NA,Nova Add-on,161.24,7,0.37
1236,2025-09-12,APAC,Orbit Plan,193.86,8,0.23
1237,2025-11-27,NA,Orbit Plan,348.66,11,0.08
1238,2025-05-22,EU,Orbit Plan,239.97,1,0.55
1239,2025-06-20,EU,Pulse API,179.98,5,0.19
1240,2025-11-06,EU,Legacy,284.18,12,0.54
1241,2025-05-14,NA,Pulse API,205.88,7,0.82
1242,2026-01-23,NA,Nova Add-on,289.62,3,0.87
1243,2025-04-27,EU,Pulse API,191.47,9,0.76
1244,2026-01-05,LATAM,Orbit Plan,137.2,4,0.43
1245,2025-12-24,LATAM,Orbit Plan,63.18,10,0.87
1246,2025-06-06,NA,Nova Add-on,250.44,6,0.34
1247,2025-08-03,LATAM,Pulse API,55.09,6,0.59
1248,2025-10-18,NA,Legacy,296.29,6,0.57
1249,2025-11-05,MEA,Nova Add-on,51.42,2,0.53
1250,2025-04-07,LATAM,Orbit Plan,133.89,8,0.64
1251,2025-06-05,NA,Orbit Plan,198.11,10,0.49
1252,2025-04-06,EU,Orbit Plan,144.91,5,0.21
1253,2025-05-30,MEA,Orbit Plan,97.71,7,0.39
1254,2025-02-26,EU,Nova Add-on,206.9,2,0.39
1255,2025-04-16,EU,Legacy,137.36,3,0.6
1256,2025-06-08,MEA,Orbit Plan,112.07,8,0.28
1257,2025-01-04,EU,Nova Add-on,218.77,6,0.91
1258,2025-09-09,LATAM,Nova Add-on,63.19,2,0.29
1259,2025-08-22,APAC,Pulse API,241.75,3,0.42
1260,2025-04-02,MEA,Pulse API,50.01,11,0.18
1261,2025-10-19,NA,Nova Add-on,273.72,5,0.88
1262,2025-10-03,APAC,Pulse API,237.45,12,0.72
1263,2025-04-22,LATAM,Nova Add-on,111.46,2,0.5
1264,2026-02-04,APAC,Nova Add-on,213.86,4,0.51
1265,2025-08-25,NA,Orbit Plan,176.2,12,0.4
1266,2025-04-10,LATAM,Orbit Plan,49.78,12,0.92
1267,2025-06-17,LATAM,Nova Add-on,154.15,8,0.14
1268,2025-05-23,EU,Orbit Plan,213.03,2,0.18
1269,2025-03-05,MEA,Pulse API,87.92,5,0.15
1270,2025-07-03,EU,Orbit Plan,261.92,11,0.53
1271,2025-08-15,NA,Legacy,261.55,2,0.39
1272,2025-06-07,LATAM,Orbit Plan,2.9480000000000004,4,0.93
1273,2025-07-11,EU,Orbit Plan,194.92,4,0.68
1274,2025-02-02,EU,Legacy,181.51,11,0.17
1275,2025-03-27,NA,Nova Add-on,273.44,4,0.62
1276,2025-10-05,LATAM,Legacy,131.46,4,0.11
1277,2025-06-15,EU,Orbit Plan,174.45,4,0.07
1278,2025-05-23,MEA,Orbit Plan,66.87,4,0.41
1279,2026-01-28,MEA,Nova Add-on,108.62,10,0.17
1280,2025-02-18,MEA,Orbit Plan,67.69,7,0.68
1281,2026-01-30,EU,Orbit Plan,93.75,11,0.48
1282,2025-06-21,NA,Nova Add-on,99.89,7,0.51
1283,2026-01-15,EU,Nova Add-on,177.1,2,0.31
1284,2026-01-13,LATAM,Pulse API,103.96,1,0.14
1285,2025-09-13,APAC,Orbit Plan,167.33,12,0.6
1286,2025-08-16,APAC,Orbit Plan,351.8,1,0.52
1287,2025-08-01,APAC,Pulse API,279.44,4,0.54
1288,2025-12-07,EU,Pulse API,281.48,4,0.61
1289,2025-07-15,MEA,Orbit Plan,67.48,2,0.95
1290,2025-01-27,EU,Legacy,182.46,3,0.59
1291,2025-04-15,EU,Nova Add-on,116.77,4,0.24
1292,2025-04-01,MEA,Orbit Plan,82.29,8,0.97
1293,2025-04-14,APAC,Legacy,38.06,7,0.17
1294,2025-08-14,LATAM,Nova Add-on,121.16,3,0.82
1295,2025-09-04,NA,Pulse API,191.18,5,0.6
1296,2025-03-20,MEA,Pulse API,74.5,8,0.31
1297,2025-05-26,LATAM,Nova Add-on,75.59,4,0.15
1298,2025-04-08,NA,Orbit Plan,228.32,12,0.37
1299,2025-07-27,LATAM,Legacy,146.57,11,0.99
1300,2025-02-06,LATAM,Legacy,103.14,2,0.38
1301,2025-10-17,EU,Orbit Plan,135.45,12,0.35
1302,2025-12-30,LATAM,Pulse API,121.52,1,0.65
1303,2025-08-06,EU,Orbit Plan,292.69,11,0.03
1304,2025-12-07,EU,Orbit Plan,204.82,11,0.15
1305,2025-05-07,MEA,Nova Add-on,62.41,2,0.64
1306,2025-07-16,LATAM,Pulse API,90.51,2,0.52
1307,2025-04-07,LATAM,Orbit Plan,57.05,9,0.66
1308,2025-07-15,MEA,Orbit Plan,86.67,12,0.87
1309,2025-02-25,MEA,Pulse API,62.4,12,0.4
1310,2025-06-07,NA,Legacy,255.43,1,0.1
1311,2026-02-01,LATAM,Nova Add-on,74.67,6,0.19
1312,2025-03-10,EU,Nova Add-on,95.49,2,0.45
1313,2025-04-19,EU,Orbit Plan,179.94,7,0.44
1314,2025-11-16,NA,Legacy,79.85,5,0.09
1315,2025-03-05,APAC,Orbit Plan,325.42,2,0.01
1316,2025-05-17,NA,Pulse API,230.44,1,0.1
1317,2025-09-25,NA,Orbit Plan,24.6,8,0.47
1318,2025-06-22,MEA,Nova Add-on,62.12,6,1.0
1319,2025-05-03,APAC,Pulse API,237.43,6,0.81
1320,2025-01-02,LATAM,Legacy,119.14,3,0.03
1321,2025-03-04,MEA,Orbit Plan,55.89,10,0.69
1322,2025-09-01,MEA,Nova Add-on,27.26,11,0.96
1323,2025-06-14,NA,Pulse API,362.49,11,0.44
1324,2025-11-07,LATAM,Nova Add-on,37.34,2,0.35
1325,2025-09-01,NA,Pulse API,206.2,9,0.88
1326,2026-01-02,MEA,Orbit Plan,85.53,2,0.3
1327,2025-12-11,MEA,Legacy,18.96,8,0.66
1328,2025-05-04,EU,Orbit Plan,207.78,11,0.7
1329,2025-02-24,LATAM,Legacy,197.06,7,0.77
1330,2025-04-23,APAC,Pulse API,298.21,11,0.12
1331,2025-03-11,MEA,Pulse API,26.4,4,0.93
1332,2026-01-28,MEA,Orbit Plan,72.2,12,0.74
1333,2026-01-07,LATAM,Pulse API,131.91,4,0.22
1334,2025-03-01,APAC,Orbit Plan,28.83,12,0.59
1335,2025-04-07,NA,Nova Add-on,266.49,12,0.0
1336,2025-02-01,MEA,Nova Add-on,85.25,7,0.32
1337,2025-07-06,EU,Nova Add-on,144.14,9,0.85
1338,2025-06-11,EU,Pulse API,153.39,4,0.5
1339,2025-08-22,EU,Nova Add-on,236.73,12,0.03
1340,2025-06-13,APAC,Nova Add-on,366.84,5,1.0
1341,2025-12-28,MEA,Nova Add-on,83.59,7,0.06
1342,2025-06-20,EU,Pulse API,115.17,12,0.93
1343,2025-04-26,NA,Legacy,244.73,5,0.98
1344,2025-12-04,EU,Legacy,57.46,6,0.42
1345,2025-08-31,APAC,Pulse API,173.63,12,0.92
1346,2025-12-25,MEA,Nova Add-on,88.98,10,0.87
1347,2025-01-28,APAC,Nova Add-on,285.55,5,0.9
1348,2025-04-18,EU,Pulse API,209.36,11,0.01
1349,2026-01-07,MEA,Orbit Plan,80.72,7,0.68
1350,2025-03-28,NA,Orbit Plan,71.52,3,0.95
1351,2025-03-02,MEA,Pulse API,16.04,7,0.25
1352,2025-03-02,EU,Nova Add-on,87.74,10,0.95
1353,2025-12-01,LATAM,Pulse API,167.3,8,0.86
1354,2025-11-29,LATAM,Orbit Plan,106.82,6,0.01
1355,2025-03-01,NA,Orbit Plan,113.82,10,0.57
1356,2025-10-21,LATAM,Orbit Plan,44.65,10,0.18
1357,2025-09-05,LATAM,Orbit Plan,134.11,9,0.18
1358,2025-12-25,NA,Nova Add-on,268.37,9,0.49
1359,2025-09-23,MEA,Nova Add-on,84.91,4,0.97
1360,2025-03-02,EU,Legacy,96.92,1,0.55
1361,2025-06-10,NA,Orbit Plan,120.25,5,0.85
1362,2025-01-18,NA,Legacy,169.11,6,0.97
1363,2025-03-29,LATAM,Legacy,94.13,9,0.9
1364,2025-05-31,MEA,Nova Add-on,54.49,12,0.31
1365,2025-06-30,MEA,Nova Add-on,72.79,4,0.04
1366,2025-03-14,APAC,Legacy,300.24,3,0.6
1367,2025-04-21,MEA,Orbit Plan,93.64,5,0.26
1368,2025-11-29,EU,Nova Add-on,243.51,5,0.68
1369,2025-12-22,EU,Nova Add-on,272.44,12,0.65
1370,2026-01-01,APAC,Nova Add-on,323.41,9,0.6
1371,2025-08-03,EU,Orbit Plan,194.46,4,0.08
1372,2025-03-05,MEA,Orbit Plan,46.76,2,0.33
1373,2025-02-15,APAC,Legacy,268.98,5,0.01
1374,2025-07-13,EU,Orbit Plan,145.11,2,0.18
1375,2026-01-08,APAC,Nova Add-on,274.25,10,0.87
1376,2025-10-10,APAC,Nova Add-on,221.79,3,0.32
1377,2026-01-20,LATAM,Orbit Plan,130.0,9,0.59
1378,2025-07-26,LATAM,Nova Add-on,55.62,11,0.51
1379,2025-03-21,EU,Orbit Plan,134.72,11,0.97
1380,2025-12-29,EU,Pulse API,159.53,8,0.18
1381,2025-07-01,LATAM,Nova Add-on,103.43,4,0.31
1382,2025-02-14,APAC,Nova Add-on,354.89,2,0.63
1383,2025-02-09,EU,Legacy,191.01,9,0.93
1384,2025-01-06,LATAM,Pulse API,121.4,3,0.48
1385,2025-09-21,MEA,Pulse API,41.9,12,0.01
1386,2025-08-06,MEA,Pulse API,88.98,12,0.66
1387,2025-09-28,MEA,Orbit Plan,55.88,9,0.9
1388,2025-03-31,NA,Orbit Plan,234.83,6,0.95
1389,2025-08-05,LATAM,Orbit Plan,96.8,4,0.83
1390,2026-01-28,NA,Orbit Plan,246.98,5,0.21
1391,2026-01-13,MEA,Nova Add-on,119.91,9,0.83
1392,2025-01-19,LATAM,Legacy,68.83,1,0.36
1393,2025-11-12,LATAM,Orbit Plan,107.62,3,0.4
1394,2025-01-05,NA,Nova Add-on,226.22,9,0.51
1395,2025-03-20,LATAM,Orbit Plan,87.68,4,0.47
1396,2025-07-11,APAC,Orbit Plan,264.18,9,0.81
1397,2025-02-25,LATAM,Pulse API,90.38,1,0.36
1398,2025-12-30,EU,Orbit Plan,192.86,3,0.39
1399,2026-01-16,APAC,Legacy,292.38,11,0.98
1400,2025-03-02,LATAM,Nova Add-on,131.68,11,0.71
1401,2025-06-16,LATAM,Nova Add-on,175.71,2,0.96
1402,2025-01-11,EU,Orbit Plan,123.98,11,0.24
1403,2025-12-14,APAC,Nova Add-on,250.53,5,0.49
1404,2026-01-25,LATAM,Orbit Plan,107.2,9,0.19
1405,2025-05-24,NA,Legacy,278.01,4,0.47
1406,2026-02-05,NA,Pulse API,217.91,3,0.19
1407,2025-10-30,EU,Orbit Plan,191.88,3,0.43
1408,2025-11-12,EU,Orbit Plan,193.02,7,0.52
1409,2025-12-25,EU,Orbit Plan,159.96,1,0.3
1410,2025-05-18,APAC,Orbit Plan,274.51,7,0.25
1411,2025-01-25,EU,Orbit Plan,278.58,8,0.28
1412,2025-11-07,NA,Nova Add-on,260.94,8,0.36
1413,2025-06-05,NA,Orbit Plan,317.19,6,0.36
1414,2025-07-05,MEA,Nova Add-on,72.66,11,0.28
1415,2025-10-27,LATAM,Orbit Plan,152.59,1,0.59
1416,2025-12-02,EU,Orbit Plan,235.02,2,0.07
1417,2025-10-07,MEA,Orbit Plan,58.57,12,0.15
1418,2025-03-07,EU,Nova Add-on,5,9,0.98
1419,2025-07-07,LATAM,Pulse API,140.49,9,0.93
1420,2025-09-15,NA,Orbit Plan,275.45,3,0.29
1421,2025-10-17,NA,Pulse API,176.25,11,0.53
1422,2025-09-20,NA,Orbit Plan,101.29,7,0.56
1423,2025-07-19,LATAM,Nova Add-on,110.87,10,0.7
1424,2025-09-20,LATAM,Nova Add-on,113.15,5,0.3
1425,2025-04-23,APAC,Pulse API,207.22,4,0.29
1426,2025-11-24,EU,Legacy,167.58,3,0.27
1427,2025-01-27,EU,Legacy,187.79,11,0.61
1428,2025-07-08,APAC,Orbit Plan,303.8,9,0.26
1429,2025-03-10,LATAM,Legacy,78.88,1,0.82
1430,2025-04-23,APAC,Orbit Plan,513.84,9,0.66
1431,2026-02-03,MEA,Orbit Plan,69.36,11,0.63
1432,2025-10-10,EU,Pulse API,118.22,5,0.2
1433,2025-11-19,LATAM,Orbit Plan,117.1,8,0.09
1434,2025-04-03,LATAM,Orbit Plan,171.57,4,0.57
1435,2026-01-09,EU,Pulse API,217.24,7,0.69
1436,2025-04-07,NA,Orbit Plan,226.06,8,0.91
1437,2025-07-26,NA,Pulse API,303.45,2,0.38
1438,2025-01-11,NA,Pulse API,317.45,11,0.93
1439,2025-03-09,EU,Pulse API,163.52,1,0.96
1440,2025-02-24,MEA,Pulse API,127.52,12,0.08
1441,2025-03-13,LATAM,Pulse API,165.21,8,0.15
1442,2025-01-29,MEA,Pulse API,41.81,2,0.02
1443,2025-01-23,NA,Nova Add-on,348.4,1,0.91
1444,2025-01-13,EU,Nova Add-on,258.95,11,0.29
1445,2025-12-17,LATAM,Pulse API,91.84,2,0.22
1446,2025-05-25,APAC,Orbit Plan,68.79,6,0.92
1447,2025-02-13,NA,Nova Add-on,261.35,11,0.43
1448,2025-12-08,APAC,Pulse API,360.66,2,0.27
1449,2025-09-13,APAC,Legacy,313.41,1,0.86
1450,2025-03-18,EU,Orbit Plan,87.83,12,0.8
1451,2025-09-02,NA,Orbit Plan,108.64,6,0.99
1452,2025-04-04,LATAM,Orbit Plan,137.3,8,0.69
1453,2025-07-31,MEA,Pulse API,47.92,4,0.38
1454,2025-10-09,LATAM,Nova Add-on,169.99,9,0.82
1455,2025-07-16,NA,Nova Add-on,130.82,12,0.22
1456,2025-02-14,EU,Orbit Plan,219.02,1,0.36
1457,2025-08-31,EU,Legacy,234.36,3,0.29
1458,2025-03-15,MEA,Legacy,78.31,4,0.21
1459,2025-04-25,NA,Pulse API,307.99,12,0.03
1460,2025-08-06,APAC,Orbit Plan,354.31,10,0.07
1461,2025-11-01,EU,Orbit Plan,163.07,10,0.83
1462,2025-08-02,EU,Pulse API,199.15,3,0.75
1463,2025-12-24,APAC,Nova Add-on,243.08,1,0.29
1464,2025-03-21,NA,Legacy,137.81,3,0.5
1465,2025-01-06,LATAM,Legacy,76.46,5,0.92
1466,2025-09-14,APAC,Pulse API,91.81,3,0.27
1467,2025-02-17,MEA,Orbit Plan,108.5,1,0.22
1468,2025-04-05,MEA,Nova Add-on,57.78,12,0.47
1469,2025-06-10,LATAM,Pulse API,145.41,4,0.27
1470,2025-02-23,NA,Orbit Plan,339.45,6,0.03
1471,2025-05-25,EU,Nova Add-on,257.89,5,0.19
1472,2025-04-14,NA,Orbit Plan,261.43,10,0.56
1473,2025-10-16,LATAM,Orbit Plan,3.6784999999999997,5,0.96
1474,2025-09-14,EU,Orbit Plan,318.77,6,0.97
1475,2025-12-26,NA,Orbit Plan,292.53,3,0.02
1476,2025-07-15,LATAM,Nova Add-on,82.42,5,0.16
1477,2025-12-16,LATAM,Orbit Plan,43.13,4,0.81
1478,2025-12-01,EU,Pulse API,69.25,9,0.52
1479,2026-01-09,MEA,Pulse API,90.27,6,0.29
1480,2025-11-16,LATAM,Orbit Plan,95.06,11,0.39
1481,2025-04-17,MEA,Nova Add-on,100.6,2,0.8
1482,2025-03-15,APAC,Nova Add-on,229.3,2,0.5
1483,2025-08-21,APAC,Orbit Plan,250.33,6,0.09
1484,2025-04-02,LATAM,Orbit Plan,123.88,5,0.76
1485,2025-08-15,EU,Legacy,251.77,5,0.4
1486,2025-11-14,EU,Nova Add-on,167.09,10,0.95
1487,2025-07-11,NA,Pulse API,159.91,11,0.04
1488,2025-11-26,NA,Pulse API,217.76,9,0.01
1489,2025-02-23,APAC,Orbit Plan,98.59,8,0.67
1490,2025-06-28,LATAM,Nova Add-on,77.8,8,0.11
1491,2025-04-03,NA,Legacy,336.36,6,0.06
1492,2025-06-25,MEA,Nova Add-on,50.39,8,0.11
1493,2025-08-21,NA,Nova Add-on,260.94,10,0.03
1494,2025-11-04,LATAM,Orbit Plan,103.14,7,0.98
1495,2025-04-20,NA,Orbit Plan,348.48,5,0.64
1496,2025-02-12,EU,Orbit Plan,195.26,5,0.87
1497,2025-08-20,LATAM,Nova Add-on,95.57,2,0.89
1498,2025-08-08,APAC,Legacy,198.27,4,0.35
1499,2025-08-03,LATAM,Nova Add-on,101.46,6,0.91
1500,2025-10-20,LATAM,Pulse API,88.87,10,0.2
1501,2026-01-06,MEA,Nova Add-on,37.91,12,0.83
1502,2026-01-11,APAC,Orbit Plan,498.61,3,0.5
1503,2025-06-12,NA,Pulse API,192.35,8,0.94
1504,2025-03-06,LATAM,Pulse API,83.3,1,0.22
1505,2025-04-07,LATAM,Pulse API,117.96,4,0.95
1506,2025-12-14,MEA,Legacy,37.18,6,0.02
1507,2025-06-07,MEA,Pulse API,90.4,7,0.41
1508,2025-06-30,MEA,Nova Add-on,90.34,6,0.11
1509,2025-04-01,LATAM,Nova Add-on,132.95,7,0.29
1510,2025-12-04,LATAM,Pulse API,156.39,2,1.0
1511,2025-02-23,NA,Pulse API,160.96,10,0.93
1512,2025-02-21,LATAM,Nova Add-on,83.56,11,0.29
1513,2025-08-04,EU,Orbit Plan,120.78,8,0.95
1514,2025-06-29,LATAM,Nova Add-on,120.61,12,0.78
1515,2025-07-22,NA,Legacy,238.41,11,0.26
1516,2025-08-01,EU,Orbit Plan,106.54,1,0.02
1517,2025-03-20,APAC,Legacy,111.43,3,0.96
1518,2025-08-09,EU,Nova Add-on,167.69,10,0.64
1519,2025-01-27,MEA,Nova Add-on,92.63,7,0.9
1520,2025-09-22,EU,Nova Add-on,156.7,3,0.5
1521,2025-11-20,MEA,Pulse API,88.99,9,0.16
1522,2025-06-15,EU,Orbit Plan,106.18,1,0.63
1523,2025-10-31,EU,Orbit Plan,142.65,7,0.03
1524,2026-01-11,EU,Legacy,43.2,6,0.19
1525,2025-12-01,EU,Orbit Plan,133.9,7,0.77
1526,2025-12-04,NA,Orbit Plan,207.25,11,0.02
1527,2025-10-24,NA,Orbit Plan,255.35,5,0.89
1528,2025-02-17,NA,Nova Add-on,202.6,4,0.39
1529,2025-09-09,NA,Nova Add-on,112.44,7,0.38
1530,2025-06-10,LATAM,Pulse API,114.57,1,0.9
1531,2025-12-04,MEA,Pulse API,77.49,6,0.48
1532,2025-11-11,MEA,Nova Add-on,60.32,12,0.25
1533,2025-03-04,EU,Nova Add-on,105.82,4,0.87
1534,2025-02-28,EU,Orbit Plan,162.95,2,0.73
1535,2025-03-06,APAC,Orbit Plan,272.53,11,0.29
1536,2026-01-17,LATAM,Nova Add-on,126.06,4,0.25
1537,2025-04-12,APAC,Legacy,388.95,3,0.79
1538,2026-01-05,LATAM,Nova Add-on,151.17,10,0.75
1539,2025-06-13,MEA,Orbit Plan,57.87,11,0.82
1540,2025-08-19,EU,Legacy,208.2,5,0.59
1541,2025-05-31,MEA,Pulse API,31.12,1,0.11
1542,2025-06-15,LATAM,Pulse API,31.14,2,0.22
1543,2025-07-10,APAC,Orbit Plan,255.01,12,0.33
1544,2025-08-27,MEA,Pulse API,73.13,9,0.07
1545,2025-05-26,MEA,Orbit Plan,76.38,11,0.07
1546,2025-11-27,LATAM,Pulse API,158.37,6,0.2
1547,2025-01-26,LATAM,Nova Add-on,150.19,3,0.6
1548,2025-10-30,LATAM,Orbit Plan,107.54,1,0.64
1549,2025-10-22,NA,Legacy,188.33,9,0.92
1550,2025-01-21,APAC,Pulse API,430.65,2,0.83
1551,2025-08-01,APAC,Orbit Plan,262.13,6,0.49
1552,2025-01-25,LATAM,Orbit Plan,71.07,8,0.85
1553,2025-03-04,APAC,Legacy,311.77,3,0.11
1554,2025-06-15,LATAM,Orbit Plan,126.5,12,0.9
1555,2025-07-08,MEA,Legacy,115.14,1,0.11
1556,2025-06-05,NA,Orbit Plan,157.66,7,0.27
1557,2025-03-29,EU,Nova Add-on,220.31,10,0.89
1558,2025-07-31,LATAM,Pulse API,133.1,4,0.58
1559,2025-12-05,LATAM,Legacy,82.76,5,0.77
1560,2025-12-31,NA,Orbit Plan,332.24,4,0.66
1561,2026-01-12,EU,Pulse API,245.55,11,0.22
1562,2025-07-17,EU,Nova Add-on,213.47,10,0.76
1563,2025-09-21,APAC,Pulse API,222.08,9,0.11
1564,2025-03-08,EU,Legacy,244.15,8,0.87
1565,2025-09-20,EU,Pulse API,199.32,5,0.95
1566,2025-10-23,NA,Orbit Plan,277.47,12,0.11
1567,2025-01-09,LATAM,Orbit Plan,165.79,5,0.12
1568,2025-10-09,NA,Orbit Plan,240.26,7,0.5
1569,2025-09-18,APAC,Orbit Plan,254.16,12,0.93
1570,2025-04-10,APAC,Orbit Plan,300.87,5,0.53
1571,2025-09-10,MEA,Nova Add-on,55.19,4,0.12
1572,2025-01-19,MEA,Orbit Plan,37.93,2,0.28
1573,2025-11-14,LATAM,Nova Add-on,160.38,5,0.5
1574,2025-03-29,EU,Orbit Plan,240.94,10,0.29
1575,2025-01-02,NA,Orbit Plan,309.89,12,0.24
1576,2025-06-11,NA,Orbit Plan,161.18,8,0.14
1577,2025-01-07,LATAM,Nova Add-on,213.33,3,0.68
1578,2025-01-05,MEA,Orbit Plan,78.65,1,0.49
1579,2025-05-07,LATAM,Orbit Plan,130.91,4,0.53
1580,2025-03-27,EU,Pulse API,105.99,12,0.34
1581,2025-09-09,APAC,Legacy,255.16,1,0.83
1582,2025-06-04,APAC,Legacy,364.95,10,0.48
1583,2025-05-19,MEA,Pulse API,137.38,11,0.99
1584,2025-07-02,LATAM,Orbit Plan,123.87,12,0.97
1585,2025-07-04,EU,Pulse API,234.18,5,0.88
1586,2025-12-14,MEA,Legacy,127.22,9,0.17
1587,2025-12-14,APAC,Legacy,186.74,5,0.19
1588,2025-10-24,MEA,Pulse API,86.1,2,0.43
1589,2025-08-21,MEA,Legacy,75.31,8,0.93
1590,2025-03-17,LATAM,Pulse API,79.36,5,0.62
1591,2025-12-07,EU,Orbit Plan,153.1,1,0.22
1592,2025-10-31,NA,Orbit Plan,354.13,7,0.35
1593,2025-01-01,NA,Orbit Plan,182.99,11,0.96
1594,2025-10-15,EU,Legacy,221.56,3,1.0
1595,2025-04-11,LATAM,Nova Add-on,133.65,6,0.25
1596,2025-12-14,LATAM,Nova Add-on,123.14,2,0.89
1597,2025-06-04,MEA,Orbit Plan,36.01,10,0.14
1598,2026-01-29,EU,Orbit Plan,142.88,4,0.3
1599,2025-02-13,APAC,Nova Add-on,180.86,7,0.1
1600,2025-09-27,LATAM,Pulse API,75.09,11,0.71
1601,2025-08-28,APAC,Nova Add-on,177.91,9,0.03
1602,2026-01-28,LATAM,Orbit Plan,128.95,5,0.79
1603,2025-10-25,MEA,Orbit Plan,31.88,1,0.76
1604,2025-07-21,EU,Nova Add-on,4.346,1,0.08
1605,2025-05-19,NA,Orbit Plan,272.22,6,0.86
1606,2025-03-04,MEA,Pulse API,81.66,1,0.7
1607,2025-09-22,EU,Nova Add-on,213.4,11,0.85
1608,2025-06-04,APAC,Pulse API,249.94,8,0.62
1609,2025-04-13,NA,Orbit Plan,310.73,4,0.2
1610,2025-08-31,NA,Legacy,350.0,1,0.93
1611,2025-06-03,LATAM,Nova Add-on,121.34,5,0.82
1612,2025-12-15,LATAM,Legacy,135.79,7,0.15
1613,2025-01-12,EU,Orbit Plan,178.41,12,0.55
1614,2025-09-01,LATAM,Orbit Plan,81.45,10,0.49
1615,2025-12-08,APAC,Nova Add-on,245.99,7,0.15
1616,2025-05-26,LATAM,Orbit Plan,92.64,10,0.3
1617,2025-11-27,MEA,Nova Add-on,89.22,12,0.46
1618,2025-01-05,EU,Orbit Plan,147.81,9,0.21
1619,2025-12-28,MEA,Nova Add-on,103.04,12,0.56
1620,2025-08-24,EU,Orbit Plan,215.36,5,0.92
1621,2025-02-04,LATAM,Orbit Plan,54.41,9,0.78
1622,2025-09-27,APAC,Orbit Plan,283.57,10,0.35
1623,2025-11-13,LATAM,Orbit Plan,171.48,11,0.11
1624,2025-12-14,LATAM,Orbit Plan,121.54,12,0.8
1625,2025-02-23,EU,Pulse API,53.43,1,0.61
1626,2025-02-28,NA,Legacy,357.98,6,0.61
1627,2025-01-16,EU,Orbit Plan,160.57,10,0.56
1628,2025-04-11,APAC,Nova Add-on,175.94,4,0.2
1629,2025-03-24,LATAM,Pulse API,119.07,11,0.96
1630,2025-02-19,EU,Orbit Plan,141.59,1,0.36
1631,2025-07-28,MEA,Nova Add-on,84.11,12,0.64
1632,2025-09-12,EU,Legacy,197.62,8,0.5
1633,2025-07-02,MEA,Legacy,96.66,11,0.38
1634,2025-02-06,MEA,Orbit Plan,34.92,5,0.1
1635,2025-09-13,EU,Orbit Plan,166.98,5,0.92
1636,2025-05-09,LATAM,Pulse API,107.93,3,0.97
1637,2025-02-08,MEA,Nova Add-on,104.29,7,0.62
1638,2025-10-07,NA,Nova Add-on,77.77,5,0.65
1639,2025-01-17,APAC,Nova Add-on,318.26,4,0.55
1640,2026-01-11,APAC,Legacy,441.3,1,0.24
1641,2025-02-07,MEA,Legacy,57.88,2,0.95
1642,2025-11-03,MEA,Legacy,30.07,8,0.95
1643,2025-05-19,NA,Orbit Plan,165.0,8,0.3
1644,2025-04-27,NA,Legacy,221.18,4,0.53
1645,2025-07-14,NA,Nova Add-on,344.2,7,0.7
1646,2025-10-09,EU,Orbit Plan,214.53,10,0.98
1647,2025-07-08,APAC,Orbit Plan,231.03,10,0.01
1648,2025-07-31,MEA,Nova Add-on,73.29,1,0.87
1649,2025-05-08,NA,Orbit Plan,253.99,6,0.6
1650,2025-05-06,APAC,Orbit Plan,301.05,11,0.12
1651,2025-02-09,NA,Orbit Plan,133.36,6,0.9
1652,2025-04-23,LATAM,Pulse API,97.81,9,0.29
1653,2025-12-01,EU,Nova Add-on,169.28,1,0.35
1654,2025-07-30,MEA,Nova Add-on,107.67,3,0.84
1655,2025-09-24,EU,Orbit Plan,149.53,3,0.04
1656,2025-05-01,LATAM,Pulse API,103.56,2,0.02
1657,2025-01-18,APAC,Orbit Plan,132.68,5,0.85
1658,2025-07-16,LATAM,Orbit Plan,157.99,8,0.04
1659,2025-04-16,LATAM,Orbit Plan,98.55,9,0.76
1660,2025-01-14,MEA,Pulse API,73.37,5,0.81
1661,2025-10-30,EU,Pulse API,115.94,7,0.78
1662,2026-01-12,NA,Pulse API,341.77,12,0.93
1663,2025-05-28,MEA,Nova Add-on,41.49,3,0.96
1664,2025-08-28,EU,Orbit Plan,144.03,11,0.95
1665,2025-02-13,EU,Pulse API,156.72,5,0.36
1666,2025-12-04,APAC,Pulse API,373.53,10,0.01
1667,2025-06-07,MEA,Pulse API,94.45,1,0.44
1668,2025-08-27,NA,Legacy,91.92,9,0.22
1669,2025-01-30,MEA,Legacy,64.44,2,0.44
1670,2025-05-13,APAC,Orbit Plan,383.21,4,0.63
1671,2025-03-17,MEA,Pulse API,73.88,9,0.86
1672,2025-10-24,APAC,Orbit Plan,391.9,1,0.95
1673,2025-05-13,APAC,Orbit Plan,359.47,1,0.6
1674,2025-06-29,NA,Orbit Plan,96.04,9,0.08
1675,2025-04-15,APAC,Nova Add-on,325.62,7,0.88
1676,2025-03-15,NA,Orbit Plan,117.69,6,0.98
1677,2025-11-30,APAC,Nova Add-on,385.17,1,0.29
1678,2025-03-18,MEA,Orbit Plan,64.34,6,0.51
1679,2026-02-04,MEA,Pulse API,56.56,10,0.03
1680,2026-01-07,EU,Nova Add-on,34.64,2,0.96
1681,2025-04-25,MEA,Nova Add-on,42.43,12,0.12
1682,2025-09-28,NA,Nova Add-on,176.24,9,0.44
1683,2025-05-18,EU,Legacy,167.4,6,0.23
1684,2025-06-11,NA,Pulse API,275.5,7,0.36
1685,2025-06-30,MEA,Nova Add-on,100.65,8,0.79
1686,2025-04-28,MEA,Pulse API,51.78,9,0.24
1687,2025-07-28,MEA,Pulse API,35.58,2,0.08
1688,2025-08-04,MEA,Legacy,43.11,11,0.88
1689,2025-04-12,EU,Legacy,211.81,9,0.71
1690,2025-08-29,NA,Orbit Plan,223.8,7,0.02
1691,2025-03-27,NA,Orbit Plan,335.58,6,0.13
1692,2025-12-23,MEA,Orbit Plan,29.27,6,0.9
1693,2025-06-22,MEA,Nova Add-on,100.56,6,0.95
1694,2025-07-29,LATAM,Pulse API,148.61,8,0.7
1695,2026-01-11,EU,Pulse API,81.3,3,0.9
1696,2025-10-31,MEA,Orbit Plan,45.79,7,0.32
1697,2025-04-01,MEA,Pulse API,62.28,8,0.34
1698,2025-10-16,MEA,Legacy,111.48,7,0.29
1699,2025-07-16,APAC,Pulse API,285.51,12,0.21
1700,2025-09-23,APAC,Nova Add-on,252.33,2,0.35
1701,2025-03-26,NA,Orbit Plan,165.41,5,0.99
1702,2026-01-21,NA,Legacy,224.6,3,0.1
1703,2025-10-10,MEA,Pulse API,122.09,9,0.54
1704,2025-04-10,NA,Nova Add-on,248.41,6,0.2
1705,2025-10-20,LATAM,Pulse API,38.02,2,0.72
1706,2025-03-03,LATAM,Legacy,100.5,2,0.86
1707,2025-05-23,NA,Legacy,262.05,2,0.33
1708,2025-09-17,APAC,Orbit Plan,118.17,9,0.67
1709,2025-02-07,APAC,Legacy,300.66,9,0.32
1710,2025-10-13,NA,Legacy,228.46,4,0.14
1711,2025-07-12,EU,Pulse API,176.54,12,0.5
1712,2025-03-09,EU,Pulse API,215.94,9,0.86
1713,2026-01-19,EU,Orbit Plan,253.39,3,0.04
1714,2025-12-19,APAC,Nova Add-on,307.68,4,0.64
1715,2025-09-05,MEA,Pulse API,78.8,5,0.67
1716,2025-09-08,LATAM,Nova Add-on,139.43,5,0.1
1717,2025-02-27,APAC,Nova Add-on,195.14,3,0.46
1718,2025-06-13,NA,Orbit Plan,238.92,3,0.77
1719,2025-09-05,LATAM,Nova Add-on,106.41,4,0.89
1720,2026-02-05,LATAM,Orbit Plan,101.38,5,0.67
1721,2025-07-30,LATAM,Pulse API,83.32,8,0.73
1722,2025-06-23,NA,Orbit Plan,247.1,10,0.88
1723,2025-10-02,EU,Pulse API,307.3,3,0.6
1724,2025-01-11,NA,Pulse API,349.24,12,0.33
1725,2025-06-30,MEA,Orbit Plan,86.04,3,0.84
1726,2025-07-22,EU,Orbit Plan,193.18,6,0.33
1727,2025-04-21,MEA,Pulse API,76.18,9,0.1
1728,2025-07-23,LATAM,Orbit Plan,106.16,1,0.23
1729,2026-01-31,EU,Orbit Plan,179.94,7,0.13
1730,2026-01-15,APAC,Legacy,93.36,9,0.72
1731,2026-01-26,LATAM,Orbit Plan,107.78,2,0.74
1732,2025-07-20,EU,Legacy,101.39,6,0.43
1733,2026-01-16,NA,Orbit Plan,185.88,10,0.47
1734,2025-05-30,LATAM,Orbit Plan,114.51,9,0.28
1735,2025-05-26,MEA,Nova Add-on,12.82,6,0.76
1736,2026-01-01,NA,Nova Add-on,383.72,1,0.4
1737,2025-04-29,LATAM,Orbit Plan,59.05,11,0.98
1738,2025-02-18,MEA,Orbit Plan,56.41,8,0.59
1739,2025-02-12,EU,Nova Add-on,220.31,4,0.06
1740,2025-09-10,APAC,Nova Add-on,165.75,3,0.04
1741,2025-12-19,MEA,Nova Add-on,83.38,9,0.79
1742,2025-10-07,LATAM,Orbit Plan,88.01,6,0.46
1743,2025-09-05,MEA,Nova Add-on,67.42,7,0.7
1744,2025-07-12,EU,Pulse API,77.82,12,0.12
1745,2025-04-12,LATAM,Legacy,170.57,11,0.8
1746,2025-09-07,EU,Pulse API,265.91,7,0.01
1747,2025-03-02,LATAM,Legacy,95.11,6,0.62
1748,2025-07-10,MEA,Pulse API,20.42,9,0.69
1749,2025-11-11,APAC,Nova Add-on,259.21,12,0.72
1750,2025-03-11,EU,Nova Add-on,250.24,1,0.32
1751,2025-04-02,EU,Nova Add-on,186.67,4,0.69
1752,2025-10-03,LATAM,Orbit Plan,109.83,8,0.59
1753,2025-02-04,APAC,Pulse API,322.21,4,0.27
1754,2025-08-07,MEA,Pulse API,54.92,7,0.93
1755,2025-10-15,MEA,Pulse API,79.64,4,0.28
1756,2025-05-15,MEA,Orbit Plan,101.39,10,0.64
1757,2025-07-16,APAC,Nova Add-on,335.01,12,0.87
1758,2025-12-09,LATAM,Orbit Plan,307.035,4,0.09
1759,2025-11-11,EU,Orbit Plan,178.62,1,0.14
1760,2025-08-14,LATAM,Pulse API,110.13,9,0.76
1761,2025-05-04,MEA,Nova Add-on,75.74,9,0.32
1762,2025-02-10,MEA,Legacy,32.08,11,0.83
1763,2025-12-31,EU,Legacy,112.1,11,0.12
1764,2025-08-11,APAC,Orbit Plan,220.82,8,0.77
1765,2025-06-27,LATAM,Orbit Plan,5,7,0.37
1766,2026-01-18,NA,Orbit Plan,120.79,4,0.01
1767,2025-06-08,APAC,Orbit Plan,212.7,10,0.27
1768,2025-11-28,APAC,Pulse API,311.09,12,0.7
1769,2025-05-21,NA,Legacy,288.28,10,0.63
1770,2025-09-09,EU,Nova Add-on,67.44,9,0.81
1771,2025-01-20,APAC,Orbit Plan,301.32,3,0.08
1772,2025-03-03,NA,Nova Add-on,192.62,6,0.1
1773,2025-10-06,APAC,Legacy,303.14,11,0.85
1774,2025-06-12,EU,Legacy,261.64,6,0.52
1775,2025-12-07,LATAM,Nova Add-on,103.22,9,0.15
1776,2025-05-17,NA,Orbit Plan,196.15,10,0.2
1777,2025-09-16,LATAM,Orbit Plan,5.4270000000000005,9,0.35
1778,2025-06-24,LATAM,Nova Add-on,36.58,10,0.93
1779,2025-02-15,NA,Legacy,233.47,11,0.97
1780,2026-01-28,EU,Pulse API,204.41,6,0.46
1781,2026-01-06,EU,Orbit Plan,116.62,12,0.76
1782,2025-03-09,APAC,Orbit Plan,62.6,3,0.28
1783,2025-10-17,APAC,Nova Add-on,297.08,5,0.26
1784,2025-08-14,APAC,Orbit Plan,197.54,6,0.35
1785,2025-11-25,MEA,Nova Add-on,38.55,10,0.39
1786,2025-10-03,MEA,Orbit Plan,36.08,6,0.65
1787,2025-12-16,APAC,Orbit Plan,226.49,5,0.09
1788,2026-01-31,EU,Orbit Plan,109.12,1,0.92
1789,2025-09-22,EU,Nova Add-on,125.53,11,0.59
1790,2025-01-18,APAC,Pulse API,276.42,1,0.16
1791,2025-09-01,APAC,Orbit Plan,308.02,3,0.47
1792,2025-04-06,NA,Nova Add-on,191.62,10,0.58
1793,2025-08-11,LATAM,Nova Add-on,112.49,8,0.68
1794,2025-06-03,NA,Legacy,343.34,9,0.11
1795,2025-08-07,APAC,Legacy,242.22,5,0.89
1796,2025-12-24,MEA,Orbit Plan,73.44,3,0.13
1797,2025-06-20,NA,Legacy,172.26,8,0.4
1798,2025-08-24,NA,Pulse API,342.21,3,0.3
1799,2025-02-11,EU,Orbit Plan,187.92,11,0.56
1800,2026-02-02,APAC,Orbit Plan,297.87,2,0.47
1801,2025-12-18,LATAM,Pulse API,158.84,12,0.24
1802,2025-02-19,LATAM,Orbit Plan,80.21,3,0.4
1803,2025-06-17,APAC,Pulse API,248.23,2,0.35
1804,2025-12-09,MEA,Orbit Plan,44.44,3,0.77
1805,2025-07-08,APAC,Orbit Plan,315.5,2,0.65
1806,2025-03-12,LATAM,Orbit Plan,62.63,7,0.09
1807,2025-07-16,EU,Nova Add-on,166.42,1,0.26
1808,2025-08-04,EU,Orbit Plan,240.81,2,0.46
1809,2025-02-12,APAC,Pulse API,405.7,1,0.16
1810,2025-03-07,MEA,Nova Add-on,99.03,1,0.49
1811,2025-12-10,LATAM,Nova Add-on,148.15,2,0.6
1812,2025-08-19,MEA,Orbit Plan,78.66,6,0.84
1813,2025-07-06,NA,Pulse API,314.15,11,0.08
1814,2025-01-04,APAC,Legacy,246.46,5,0.2
1815,2025-11-11,LATAM,Nova Add-on,99.29,8,0.37
1816,2025-11-03,APAC,Orbit Plan,265.7,5,0.77
1817,2025-01-13,MEA,Orbit Plan,63.17,5,0.64
1818,2025-11-02,NA,Orbit Plan,297.06,12,0.4
1819,2025-03-31,NA,Nova Add-on,250.23,5,0.35
1820,2025-08-23,MEA,Orbit Plan,79.75,12,0.82
1821,2025-10-19,LATAM,Orbit Plan,105.02,12,0.64
1822,2025-02-21,LATAM,Nova Add-on,119.54,6,0.93
1823,2026-01-19,APAC,Nova Add-on,480.81,11,0.74
1824,2025-02-10,LATAM,Legacy,123.23,10,0.26
1825,2025-06-05,MEA,Nova Add-on,81.16,6,0.57
1826,2025-04-21,LATAM,Orbit Plan,87.18,3,0.28
1827,2025-12-10,NA,Nova Add-on,317.8,7,0.21
1828,2026-02-05,LATAM,Pulse API,78.86,8,0.6
1829,2025-11-22,APAC,Orbit Plan,282.52,10,0.29
1830,2025-12-31,MEA,Pulse API,108.02,11,0.6
1831,2025-10-05,LATAM,Nova Add-on,77.0,8,0.15
1832,2026-01-16,LATAM,Orbit Plan,97.49,11,0.39
1833,2025-07-26,NA,Pulse API,191.92,6,0.08
1834,2026-01-18,MEA,Orbit Plan,65.7,6,0.45
1835,2025-08-28,NA,Orbit Plan,127.24,7,1.0
1836,2025-01-12,APAC,Nova Add-on,195.23,4,0.38
1837,2025-10-03,EU,Orbit Plan,210.69,4,0.99
1838,2025-10-20,APAC,Orbit Plan,245.23,12,0.98
1839,2025-10-09,LATAM,Orbit Plan,126.64,6,0.63
1840,2025-12-07,APAC,Nova Add-on,451.48,4,0.86
1841,2025-09-11,LATAM,Orbit Plan,130.02,7,0.29
1842,2025-09-30,APAC,Pulse API,235.72,11,0.91
1843,2025-07-16,MEA,Pulse API,94.85,10,0.22
1844,2025-11-09,MEA,Nova Add-on,65.94,10,0.73
1845,2025-01-12,APAC,Nova Add-on,323.91,6,0.02
1846,2025-11-04,LATAM,Nova Add-on,156.69,3,0.46
1847,2026-01-06,EU,Orbit Plan,311.15,5,0.06
1848,2025-01-16,EU,Nova Add-on,125.33,11,0.6
1849,2025-05-04,EU,Legacy,149.42,6,0.87
1850,2025-03-23,EU,Nova Add-on,179.96,1,0.75
1851,2025-12-16,LATAM,Legacy,186.62,7,0.96
1852,2026-01-02,MEA,Orbit Plan,68.63,11,0.99
1853,2026-01-01,NA,Nova Add-on,232.69,12,0.77
1854,2025-07-06,LATAM,Pulse API,98.06,11,0.44
1855,2025-03-05,NA,Orbit Plan,208.72,2,0.72
1856,2025-07-07,LATAM,Pulse API,181.69,4,0.8
1857,2025-04-18,APAC,Orbit Plan,237.6,8,0.75
1858,2026-01-23,APAC,Orbit Plan,232.2,6,0.79
1859,2025-12-25,APAC,Nova Add-on,132.29,5,0.03
1860,2025-07-09,MEA,Orbit Plan,46.81,12,0.16
1861,2025-11-21,APAC,Nova Add-on,189.3,12,0.13
1862,2025-11-08,APAC,Legacy,288.06,4,0.03
1863,2025-04-19,MEA,Orbit Plan,53.61,12,0.87
1864,2025-09-22,LATAM,Nova Add-on,94.93,6,0.64
1865,2025-10-28,MEA,Orbit Plan,35.44,3,0.87
1866,2025-09-04,EU,Nova Add-on,269.57,11,0.95
1867,2025-06-25,EU,Orbit Plan,188.18,2,0.65
1868,2025-07-02,LATAM,Nova Add-on,140.69,1,0.84
1869,2026-02-05,MEA,Legacy,68.74,11,0.1
1870,2025-06-18,MEA,Orbit Plan,46.74,9,0.85
1871,2025-10-03,NA,Legacy,313.49,5,0.8
1872,2025-04-04,EU,Orbit Plan,208.07,3,0.04
1873,2025-11-08,APAC,Nova Add-on,309.61,2,0.91
1874,2025-03-09,MEA,Orbit Plan,78.64,4,0.59
1875,2025-10-25,LATAM,Nova Add-on,44.66,11,0.07
1876,2025-09-02,NA,Nova Add-on,189.12,2,0.54
1877,2025-04-21,MEA,Nova Add-on,40.67,2,0.72
1878,2025-08-15,EU,Nova Add-on,144.9,8,0.99
1879,2025-05-09,LATAM,Nova Add-on,86.03,9,0.28
1880,2025-11-27,APAC,Orbit Plan,262.63,6,0.28
1881,2025-10-15,MEA,Orbit Plan,7.34,8,0.01
1882,2025-09-18,LATAM,Nova Add-on,148.95,7,0.67
1883,2025-02-18,LATAM,Orbit Plan,82.38,2,0.76
1884,2025-04-20,APAC,Nova Add-on,103.88,9,0.47
1885,2025-12-17,APAC,Legacy,293.54,4,0.77
1886,2025-03-29,EU,Nova Add-on,271.14,9,0.98
1887,2025-12-01,MEA,Pulse API,73.61,8,0.93
1888,2025-06-05,APAC,Orbit Plan,189.16,6,0.83
1889,2025-06-11,LATAM,Orbit Plan,2.4895,1,0.97
1890,2025-07-01,EU,Legacy,138.62,1,0.82
1891,2025-04-14,EU,Pulse API,175.56,7,0.79
1892,2025-06-16,MEA,Nova Add-on,116.29,4,0.62
1893,2025-08-14,APAC,Orbit Plan,263.48,12,0.59
1894,2025-01-24,LATAM,Pulse API,144.13,8,0.25
1895,2025-11-07,MEA,Orbit Plan,98.13,6,0.44
1896,2025-05-26,NA,Nova Add-on,285.47,2,0.32
1897,2026-02-01,LATAM,Pulse API,146.1,9,0.09
1898,2025-05-06,APAC,Nova Add-on,173.53,5,0.56
1899,2025-05-30,NA,Orbit Plan,239.43,12,0.31
1900,2025-07-04,LATAM,Pulse API,32.73,6,0.47
1901,2025-08-24,APAC,Orbit Plan,197.66,12,0.93
1902,2025-03-13,NA,Pulse API,112.04,8,0.8
1903,2025-09-28,NA,Legacy,206.12,1,0.96
1904,2025-06-17,MEA,Nova Add-on,69.66,11,0.07
1905,2025-02-08,MEA,Orbit Plan,58.83,9,0.85
1906,2025-02-14,MEA,Legacy,65.72,4,0.75
1907,2026-01-28,LATAM,Pulse API,31.08,3,0.65
1908,2025-02-07,EU,Pulse API,208.26,9,0.78
1909,2026-01-14,LATAM,Legacy,83.85,7,0.02
1910,2025-04-26,APAC,Nova Add-on,304.05,4,0.58
1911,2026-01-29,APAC,Nova Add-on,225.36,6,0.89
1912,2026-01-02,MEA,Orbit Plan,56.53,4,0.31
1913,2025-02-21,NA,Nova Add-on,240.53,6,0.95
1914,2025-06-17,APAC,Legacy,251.18,4,0.3
1915,2025-08-06,APAC,Orbit Plan,397.14,8,0.12
1916,2025-07-12,NA,Nova Add-on,156.09,12,0.21
1917,2025-01-26,LATAM,Nova Add-on,130.96,2,0.09
1918,2025-03-31,MEA,Legacy,109.89,2,0.16
1919,2025-04-18,NA,Legacy,215.74,7,0.19
1920,2025-02-16,MEA,Orbit Plan,46.96,2,0.94
1921,2025-01-09,NA,Nova Add-on,47.73,6,0.95
1922,2025-02-03,LATAM,Legacy,157.34,4,1.0
1923,2025-02-13,LATAM,Legacy,208.88,6,0.05
1924,2025-05-08,EU,Nova Add-on,196.17,3,0.14
1925,2025-08-29,NA,Orbit Plan,269.93,6,0.62
1926,2025-03-22,LATAM,Orbit Plan,36.91,3,0.74
1927,2025-12-09,EU,Orbit Plan,278.64,4,0.31
1928,2025-11-17,APAC,Legacy,187.35,6,0.03
1929,2025-01-14,APAC,Orbit Plan,114.24,7,0.05
1930,2025-07-13,MEA,Pulse API,77.36,2,0.01
1931,2025-04-25,NA,Nova Add-on,405.36,7,0.86
1932,2025-10-02,LATAM,Orbit Plan,151.03,11,0.0
1933,2025-09-01,LATAM,Legacy,108.53,10,0.67
1934,2025-02-19,LATAM,Nova Add-on,143.97,10,0.2
1935,2025-04-23,MEA,Orbit Plan,86.38,2,0.72
1936,2025-05-25,MEA,Orbit Plan,63.79,3,0.73
1937,2025-06-04,APAC,Pulse API,141.78,5,0.76
1938,2025-03-09,APAC,Nova Add-on,288.66,10,0.74
1939,2025-01-18,LATAM,Pulse API,139.43,11,0.03
1940,2025-05-02,EU,Nova Add-on,11.03,8,0.48
1941,2025-06-26,EU,Pulse API,213.78,4,0.45
1942,2025-05-15,MEA,Nova Add-on,40.66,11,0.77
1943,2025-06-22,APAC,Legacy,292.37,9,0.46
1944,2025-02-19,APAC,Pulse API,336.54,6,0.43
1945,2025-01-14,MEA,Orbit Plan,73.88,9,0.71
1946,2025-03-06,APAC,Orbit Plan,359.59,2,0.97
1947,2025-09-16,EU,Nova Add-on,392.38,11,0.22
1948,2025-01-09,EU,Pulse API,97.84,10,0.78
1949,2025-10-16,MEA,Nova Add-on,77.22,9,0.17
1950,2025-03-23,NA,Pulse API,150.53,10,0.23
1951,2026-01-20,EU,Nova Add-on,243.56,1,0.96
1952,2025-07-25,APAC,Nova Add-on,233.41,7,0.89
1953,2025-08-28,APAC,Orbit Plan,262.24,9,0.67
1954,2025-04-17,MEA,Nova Add-on,69.75,7,0.14
1955,2025-09-04,EU,Pulse API,234.21,3,0.65
1956,2025-07-20,MEA,Orbit Plan,13.66,2,0.23
1957,2025-05-22,EU,Legacy,253.78,3,0.21
1958,2025-03-14,APAC,Pulse API,364.55,2,0.52
1959,2025-09-26,NA,Pulse API,174.4,2,0.54
1960,2025-11-09,LATAM,Orbit Plan,93.77,12,0.34
1961,2025-05-20,NA,Nova Add-on,249.2,10,0.17
1962,2025-12-30,LATAM,Pulse API,98.09,2,0.09
1963,2026-01-10,MEA,Legacy,82.05,8,0.84
1964,2025-08-10,LATAM,Orbit Plan,88.55,5,0.84
1965,2026-01-11,APAC,Legacy,208.31,5,0.98
1966,2025-02-12,NA,Orbit Plan,166.95,4,0.59
1967,2025-04-24,MEA,Nova Add-on,61.67,8,0.56
1968,2025-10-17,LATAM,Nova Add-on,241.78,11,0.38
1969,2025-11-05,NA,Nova Add-on,271.71,2,0.97
1970,2025-05-03,APAC,Nova Add-on,42.54,10,0.42
1971,2025-07-21,NA,Orbit Plan,255.74,9,0.04
1972,2025-07-24,LATAM,Pulse API,36.86,10,0.18
1973,2025-11-19,APAC,Orbit Plan,403.82,5,0.36
1974,2025-12-16,APAC,Orbit Plan,181.72,5,0.45
1975,2025-01-25,APAC,Nova Add-on,331.01,4,0.56
1976,2025-10-08,APAC,Pulse API,255.97,3,0.84
1977,2025-02-15,APAC,Orbit Plan,100.14,6,0.83
1978,2025-02-21,NA,Pulse API,186.86,8,0.64
1979,2026-01-23,LATAM,Orbit Plan,137.42,8,0.9
1980,2026-01-22,EU,Legacy,122.89,2,0.19
1981,2025-06-08,MEA,Pulse API,31.74,7,0.62
1982,2025-02-08,EU,Orbit Plan,140.7,11,0.4
1983,2025-05-15,EU,Pulse API,118.0,2,0.85
1984,2026-01-12,APAC,Nova Add-on,241.26,6,1.0
1985,2025-08-15,NA,Orbit Plan,355.71,4,0.83
1986,2025-04-23,EU,Legacy,343.41,4,0.15
1987,2025-06-01,EU,Legacy,225.28,9,0.55
1988,2025-10-18,EU,Nova Add-on,123.51,10,0.4
1989,2025-10-22,LATAM,Pulse API,80.72,5,0.43
1990,2025-07-06,EU,Orbit Plan,8.08,12,0.13
1991,2025-12-26,EU,Pulse API,155.02,9,0.71
1992,2025-10-02,APAC,Orbit Plan,240.47,4,0.72
1993,2026-01-03,MEA,Pulse API,73.16,8,0.62
1994,2025-09-12,MEA,Nova Add-on,89.14,3,0.02
1995,2025-08-18,MEA,Pulse API,92.12,2,0.68
1996,2025-02-03,APAC,Nova Add-on,196.97,12,0.03
1997,2025-11-03,LATAM,Nova Add-on,111.86,11,0.45
1998,2025-10-03,APAC,Orbit Plan,211.51,9,0.95
1999,2025-03-15,MEA,Legacy,28.27,1,0.71
2000,2025-07-03,MEA,Orbit Plan,44.65,10,0.06
